DELETE FROM Joins;
DELETE FROM Meetings;
DELETE FROM Updates;
DELETE FROM Meeting_Rooms;
DELETE FROM Health_Declaration;
DELETE FROM Manager;
DELETE FROM Senior;
DELETE FROM Booker;
DELETE FROM Junior;
DELETE FROM Phone_Numbers;
DELETE FROM Employees;
DELETE FROM Departments;

-- Departments Data
insert into Departments (did, dname) values (1, 'Support');
insert into Departments (did, dname) values (2, 'Support');
insert into Departments (did, dname) values (3, 'Sales');
insert into Departments (did, dname) values (4, 'Marketing');
insert into Departments (did, dname) values (5, 'Services');
insert into Departments (did, dname) values (6, 'Support');
insert into Departments (did, dname) values (7, 'Engineering');
insert into Departments (did, dname) values (8, 'Research and Development');
insert into Departments (did, dname) values (9, 'Support');
insert into Departments (did, dname) values (10, 'Human Resources');
insert into Departments (did, dname) values (11, 'Training');
insert into Departments (did, dname) values (12, 'Engineering');
insert into Departments (did, dname) values (13, 'Training');
insert into Departments (did, dname) values (14, 'Training');
insert into Departments (did, dname) values (15, 'Support');
insert into Departments (did, dname) values (16, 'Accounting');
insert into Departments (did, dname) values (17, 'Sales');
insert into Departments (did, dname) values (18, 'Accounting');
insert into Departments (did, dname) values (19, 'Sales');
insert into Departments (did, dname) values (20, 'Legal');

-- Employees Data
insert into Employees (eid, did, email, ename) values (1, 1, 'Maynard_Parley_1@bluewhale.org', 'Maynard Parley');
insert into Employees (eid, did, email, ename) values (2, 2, 'Ariel_Goult_2@bluewhale.org', 'Ariel Goult');
insert into Employees (eid, did, email, ename) values (3, 3, 'Alane_Gaze_3@bluewhale.org', 'Alane Gaze');
insert into Employees (eid, did, email, ename) values (4, 4, 'Rosy_Ferrieres_4@bluewhale.org', 'Rosy Ferrieres');
insert into Employees (eid, did, email, ename) values (5, 5, 'Clevey_LAnglois_5@bluewhale.org', 'Clevey LAnglois');
insert into Employees (eid, did, email, ename) values (6, 6, 'Abby_Merrill_6@bluewhale.org', 'Abby Merrill');
insert into Employees (eid, did, email, ename) values (7, 7, 'Krissie_Ingledew_7@bluewhale.org', 'Krissie Ingledew');
insert into Employees (eid, did, email, ename) values (8, 8, 'Mitch_Boutflour_8@bluewhale.org', 'Mitch Boutflour');
insert into Employees (eid, did, email, ename) values (9, 9, 'Dwayne_Ayto_9@bluewhale.org', 'Dwayne Ayto');
insert into Employees (eid, did, email, ename) values (10, 10, 'Gerhardt_Migheli_10@bluewhale.org', 'Gerhardt Migheli');
insert into Employees (eid, did, email, ename) values (11, 11, 'Garland_Bolle_11@bluewhale.org', 'Garland Bolle');
insert into Employees (eid, did, email, ename) values (12, 12, 'Knox_Fehner_12@bluewhale.org', 'Knox Fehner');
insert into Employees (eid, did, email, ename) values (13, 13, 'Marybelle_Cattach_13@bluewhale.org', 'Marybelle Cattach');
insert into Employees (eid, did, email, ename) values (14, 14, 'Ricki_Orts_14@bluewhale.org', 'Ricki Orts');
insert into Employees (eid, did, email, ename) values (15, 15, 'Hermie_Wooller_15@bluewhale.org', 'Hermie Wooller');
insert into Employees (eid, did, email, ename) values (16, 16, 'Delila_Helsby_16@bluewhale.org', 'Delila Helsby');
insert into Employees (eid, did, email, ename) values (17, 17, 'Skell_Matthews_17@bluewhale.org', 'Skell Matthews');
insert into Employees (eid, did, email, ename) values (18, 18, 'Cosmo_Maddock_18@bluewhale.org', 'Cosmo Maddock');
insert into Employees (eid, did, email, ename) values (19, 19, 'Dido_Challicombe_19@bluewhale.org', 'Dido Challicombe');
insert into Employees (eid, did, email, ename) values (20, 20, 'Lyndel_Ovington_20@bluewhale.org', 'Lyndel Ovington');
insert into Employees (eid, did, email, ename) values (21, 1, 'Boy_Pottle_21@bluewhale.org', 'Boy Pottle');
insert into Employees (eid, did, email, ename) values (22, 2, 'Jade_Hearon_22@bluewhale.org', 'Jade Hearon');
insert into Employees (eid, did, email, ename) values (23, 3, 'Marrissa_Lawtie_23@bluewhale.org', 'Marrissa Lawtie');
insert into Employees (eid, did, email, ename) values (24, 4, 'Abner_Zealey_24@bluewhale.org', 'Abner Zealey');
insert into Employees (eid, did, email, ename) values (25, 5, 'Rickie_Moffett_25@bluewhale.org', 'Rickie Moffett');
insert into Employees (eid, did, email, ename) values (26, 6, 'Bertina_Gosney_26@bluewhale.org', 'Bertina Gosney');
insert into Employees (eid, did, email, ename) values (27, 7, 'Gayelord_Fountaine_27@bluewhale.org', 'Gayelord Fountaine');
insert into Employees (eid, did, email, ename) values (28, 8, 'Sayre_Kivits_28@bluewhale.org', 'Sayre Kivits');
insert into Employees (eid, did, email, ename) values (29, 9, 'Griffith_Langthorn_29@bluewhale.org', 'Griffith Langthorn');
insert into Employees (eid, did, email, ename) values (30, 10, 'Ansel_Riditch_30@bluewhale.org', 'Ansel Riditch');
insert into Employees (eid, did, email, ename) values (31, 11, 'Drusie_Pratten_31@bluewhale.org', 'Drusie Pratten');
insert into Employees (eid, did, email, ename) values (32, 12, 'Amara_Kenvin_32@bluewhale.org', 'Amara Kenvin');
insert into Employees (eid, did, email, ename) values (33, 13, 'Berton_OHdirscoll_33@bluewhale.org', 'Berton OHdirscoll');
insert into Employees (eid, did, email, ename) values (34, 14, 'Peter_Holleran_34@bluewhale.org', 'Peter Holleran');
insert into Employees (eid, did, email, ename) values (35, 15, 'Zachariah_Beche_35@bluewhale.org', 'Zachariah Beche');
insert into Employees (eid, did, email, ename) values (36, 16, 'Ellary_Gostick_36@bluewhale.org', 'Ellary Gostick');
insert into Employees (eid, did, email, ename) values (37, 17, 'Biddy_Marchington_37@bluewhale.org', 'Biddy Marchington');
insert into Employees (eid, did, email, ename) values (38, 18, 'Gerrard_Greendale_38@bluewhale.org', 'Gerrard Greendale');
insert into Employees (eid, did, email, ename) values (39, 19, 'Wheeler_Faulkner_39@bluewhale.org', 'Wheeler Faulkner');
insert into Employees (eid, did, email, ename) values (40, 20, 'Frasquito_Jessen_40@bluewhale.org', 'Frasquito Jessen');
insert into Employees (eid, did, email, ename) values (41, 1, 'Clarance_Piggens_41@bluewhale.org', 'Clarance Piggens');
insert into Employees (eid, did, email, ename) values (42, 2, 'Jena_Hambatch_42@bluewhale.org', 'Jena Hambatch');
insert into Employees (eid, did, email, ename) values (43, 3, 'Rowney_Kuscha_43@bluewhale.org', 'Rowney Kuscha');
insert into Employees (eid, did, email, ename) values (44, 4, 'Frasco_Adhams_44@bluewhale.org', 'Frasco Adhams');
insert into Employees (eid, did, email, ename) values (45, 5, 'Willyt_Navein_45@bluewhale.org', 'Willyt Navein');
insert into Employees (eid, did, email, ename) values (46, 6, 'Corenda_Gouny_46@bluewhale.org', 'Corenda Gouny');
insert into Employees (eid, did, email, ename) values (47, 7, 'Stanfield_Gillitt_47@bluewhale.org', 'Stanfield Gillitt');
insert into Employees (eid, did, email, ename) values (48, 8, 'Pammi_Guiot_48@bluewhale.org', 'Pammi Guiot');
insert into Employees (eid, did, email, ename) values (49, 9, 'Pooh_Malitrott_49@bluewhale.org', 'Pooh Malitrott');
insert into Employees (eid, did, email, ename) values (50, 10, 'Valli_Mineghelli_50@bluewhale.org', 'Valli Mineghelli');
insert into Employees (eid, did, email, ename) values (51, 11, 'Codie_Kenewell_51@bluewhale.org', 'Codie Kenewell');
insert into Employees (eid, did, email, ename) values (52, 12, 'Cherish_Fulton_52@bluewhale.org', 'Cherish Fulton');
insert into Employees (eid, did, email, ename) values (53, 13, 'Sarita_Writer_53@bluewhale.org', 'Sarita Writer');
insert into Employees (eid, did, email, ename) values (54, 14, 'Tamma_Huxter_54@bluewhale.org', 'Tamma Huxter');
insert into Employees (eid, did, email, ename) values (55, 15, 'Ahmad_Torres_55@bluewhale.org', 'Ahmad Torres');
insert into Employees (eid, did, email, ename) values (56, 16, 'Gwenore_Farryann_56@bluewhale.org', 'Gwenore Farryann');
insert into Employees (eid, did, email, ename) values (57, 17, 'Farleigh_Hyne_57@bluewhale.org', 'Farleigh Hyne');
insert into Employees (eid, did, email, ename) values (58, 18, 'Jeff_Kehoe_58@bluewhale.org', 'Jeff Kehoe');
insert into Employees (eid, did, email, ename) values (59, 19, 'Arlen_Janicijevic_59@bluewhale.org', 'Arlen Janicijevic');
insert into Employees (eid, did, email, ename) values (60, 20, 'Juana_Houlaghan_60@bluewhale.org', 'Juana Houlaghan');
insert into Employees (eid, did, email, ename) values (61, 1, 'Reiko_OFihillie_61@bluewhale.org', 'Reiko OFihillie');
insert into Employees (eid, did, email, ename) values (62, 2, 'Phil_Brady_62@bluewhale.org', 'Phil Brady');
insert into Employees (eid, did, email, ename) values (63, 3, 'Eartha_Brandt_63@bluewhale.org', 'Eartha Brandt');
insert into Employees (eid, did, email, ename) values (64, 4, 'Xylina_Benfell_64@bluewhale.org', 'Xylina Benfell');
insert into Employees (eid, did, email, ename) values (65, 5, 'Hatti_Asquith_65@bluewhale.org', 'Hatti Asquith');
insert into Employees (eid, did, email, ename) values (66, 6, 'Klemens_Fontaine_66@bluewhale.org', 'Klemens Fontaine');
insert into Employees (eid, did, email, ename) values (67, 7, 'Mario_Mengo_67@bluewhale.org', 'Mario Mengo');
insert into Employees (eid, did, email, ename) values (68, 8, 'Nealson_Vairow_68@bluewhale.org', 'Nealson Vairow');
insert into Employees (eid, did, email, ename) values (69, 9, 'Carmelle_Binham_69@bluewhale.org', 'Carmelle Binham');
insert into Employees (eid, did, email, ename) values (70, 10, 'Nikki_Geroldi_70@bluewhale.org', 'Nikki Geroldi');
insert into Employees (eid, did, email, ename) values (71, 11, 'Agnes_Matzl_71@bluewhale.org', 'Agnes Matzl');
insert into Employees (eid, did, email, ename) values (72, 12, 'Leigha_Crickmore_72@bluewhale.org', 'Leigha Crickmore');
insert into Employees (eid, did, email, ename) values (73, 13, 'Cindra_Hamshar_73@bluewhale.org', 'Cindra Hamshar');
insert into Employees (eid, did, email, ename) values (74, 14, 'Melodie_Sallery_74@bluewhale.org', 'Melodie Sallery');
insert into Employees (eid, did, email, ename) values (75, 15, 'Maire_Veelers_75@bluewhale.org', 'Maire Veelers');
insert into Employees (eid, did, email, ename) values (76, 16, 'Antonia_Pristnor_76@bluewhale.org', 'Antonia Pristnor');
insert into Employees (eid, did, email, ename) values (77, 17, 'Hill_Handrahan_77@bluewhale.org', 'Hill Handrahan');
insert into Employees (eid, did, email, ename) values (78, 18, 'Lilli_Slay_78@bluewhale.org', 'Lilli Slay');
insert into Employees (eid, did, email, ename) values (79, 19, 'Rhianna_Wimpenny_79@bluewhale.org', 'Rhianna Wimpenny');
insert into Employees (eid, did, email, ename) values (80, 20, 'Ara_Mochar_80@bluewhale.org', 'Ara Mochar');
insert into Employees (eid, did, email, ename) values (81, 1, 'Romain_Brislan_81@bluewhale.org', 'Romain Brislan');
insert into Employees (eid, did, email, ename) values (82, 2, 'Christine_Majury_82@bluewhale.org', 'Christine Majury');
insert into Employees (eid, did, email, ename) values (83, 3, 'Humberto_Rothon_83@bluewhale.org', 'Humberto Rothon');
insert into Employees (eid, did, email, ename) values (84, 4, 'Ellsworth_Thorley_84@bluewhale.org', 'Ellsworth Thorley');
insert into Employees (eid, did, email, ename) values (85, 5, 'Wileen_Karpf_85@bluewhale.org', 'Wileen Karpf');
insert into Employees (eid, did, email, ename) values (86, 6, 'Ev_Charlet_86@bluewhale.org', 'Ev Charlet');
insert into Employees (eid, did, email, ename) values (87, 7, 'Zelma_Rubinsohn_87@bluewhale.org', 'Zelma Rubinsohn');
insert into Employees (eid, did, email, ename) values (88, 8, 'Tabbatha_McIlwain_88@bluewhale.org', 'Tabbatha McIlwain');
insert into Employees (eid, did, email, ename) values (89, 9, 'Arline_Clemendot_89@bluewhale.org', 'Arline Clemendot');
insert into Employees (eid, did, email, ename) values (90, 10, 'Linell_Gittings_90@bluewhale.org', 'Linell Gittings');
insert into Employees (eid, did, email, ename) values (91, 11, 'Ira_Felce_91@bluewhale.org', 'Ira Felce');
insert into Employees (eid, did, email, ename) values (92, 12, 'Matthieu_Kirwan_92@bluewhale.org', 'Matthieu Kirwan');
insert into Employees (eid, did, email, ename) values (93, 13, 'Adlai_Ivashev_93@bluewhale.org', 'Adlai Ivashev');
insert into Employees (eid, did, email, ename) values (94, 14, 'Arturo_Bruggen_94@bluewhale.org', 'Arturo Bruggen');
insert into Employees (eid, did, email, ename) values (95, 15, 'Viviyan_McKendry_95@bluewhale.org', 'Viviyan McKendry');
insert into Employees (eid, did, email, ename) values (96, 16, 'Darby_Clemenzo_96@bluewhale.org', 'Darby Clemenzo');
insert into Employees (eid, did, email, ename) values (97, 17, 'Granthem_Grinov_97@bluewhale.org', 'Granthem Grinov');
insert into Employees (eid, did, email, ename) values (98, 18, 'Modesta_Cuseick_98@bluewhale.org', 'Modesta Cuseick');
insert into Employees (eid, did, email, ename) values (99, 19, 'Liam_Riddel_99@bluewhale.org', 'Liam Riddel');
insert into Employees (eid, did, email, ename) values (100, 20, 'Raynard_Strank_100@bluewhale.org', 'Raynard Strank');

-- Phone Numbers Data
insert into Phone_Numbers (eid, phone_number, phone_type) values (1, 80674695, 'Office');
insert into Phone_Numbers (eid, phone_number, phone_type) values (2, 98527663, 'Home');
insert into Phone_Numbers (eid, phone_number, phone_type) values (3, 97955086, 'Home');
insert into Phone_Numbers (eid, phone_number, phone_type) values (4, 90801640, 'Mobile');
insert into Phone_Numbers (eid, phone_number, phone_type) values (5, 80359751, 'Mobile');
insert into Phone_Numbers (eid, phone_number, phone_type) values (6, 82025585, 'Home');
insert into Phone_Numbers (eid, phone_number, phone_type) values (7, 96857612, 'Home');
insert into Phone_Numbers (eid, phone_number, phone_type) values (8, 84550420, 'Mobile');
insert into Phone_Numbers (eid, phone_number, phone_type) values (9, 88442534, 'Home');
insert into Phone_Numbers (eid, phone_number, phone_type) values (10, 96563985, 'Home');
insert into Phone_Numbers (eid, phone_number, phone_type) values (11, 98672738, 'Mobile');
insert into Phone_Numbers (eid, phone_number, phone_type) values (12, 87168860, 'Home');
insert into Phone_Numbers (eid, phone_number, phone_type) values (13, 85873749, 'Office');
insert into Phone_Numbers (eid, phone_number, phone_type) values (14, 92232508, 'Home');
insert into Phone_Numbers (eid, phone_number, phone_type) values (15, 90645115, 'Mobile');
insert into Phone_Numbers (eid, phone_number, phone_type) values (16, 90316619, 'Office');
insert into Phone_Numbers (eid, phone_number, phone_type) values (17, 87140874, 'Mobile');
insert into Phone_Numbers (eid, phone_number, phone_type) values (18, 94157024, 'Office');
insert into Phone_Numbers (eid, phone_number, phone_type) values (19, 82672743, 'Mobile');
insert into Phone_Numbers (eid, phone_number, phone_type) values (20, 80382950, 'Office');
insert into Phone_Numbers (eid, phone_number, phone_type) values (21, 84941015, 'Home');
insert into Phone_Numbers (eid, phone_number, phone_type) values (22, 90672779, 'Office');
insert into Phone_Numbers (eid, phone_number, phone_type) values (23, 94742004, 'Home');
insert into Phone_Numbers (eid, phone_number, phone_type) values (24, 88802394, 'Mobile');
insert into Phone_Numbers (eid, phone_number, phone_type) values (25, 89017915, 'Office');
insert into Phone_Numbers (eid, phone_number, phone_type) values (26, 91689112, 'Office');
insert into Phone_Numbers (eid, phone_number, phone_type) values (27, 86195619, 'Mobile');
insert into Phone_Numbers (eid, phone_number, phone_type) values (28, 92792691, 'Office');
insert into Phone_Numbers (eid, phone_number, phone_type) values (29, 92146176, 'Home');
insert into Phone_Numbers (eid, phone_number, phone_type) values (30, 87209866, 'Home');
insert into Phone_Numbers (eid, phone_number, phone_type) values (31, 98722326, 'Home');
insert into Phone_Numbers (eid, phone_number, phone_type) values (32, 87304067, 'Office');
insert into Phone_Numbers (eid, phone_number, phone_type) values (33, 82958751, 'Office');
insert into Phone_Numbers (eid, phone_number, phone_type) values (34, 86719159, 'Mobile');
insert into Phone_Numbers (eid, phone_number, phone_type) values (35, 95844375, 'Home');
insert into Phone_Numbers (eid, phone_number, phone_type) values (36, 98796900, 'Office');
insert into Phone_Numbers (eid, phone_number, phone_type) values (37, 96027482, 'Office');
insert into Phone_Numbers (eid, phone_number, phone_type) values (38, 91207362, 'Mobile');
insert into Phone_Numbers (eid, phone_number, phone_type) values (39, 87575250, 'Mobile');
insert into Phone_Numbers (eid, phone_number, phone_type) values (40, 86270919, 'Office');


-- Junior Employees (eid 1 to 33);
insert into Junior (eid) values (1);
insert into Junior (eid) values (2);
insert into Junior (eid) values (3);
insert into Junior (eid) values (4);
insert into Junior (eid) values (5);
insert into Junior (eid) values (6);
insert into Junior (eid) values (7);
insert into Junior (eid) values (8);
insert into Junior (eid) values (9);
insert into Junior (eid) values (10);
insert into Junior (eid) values (11);
insert into Junior (eid) values (12);
insert into Junior (eid) values (13);
insert into Junior (eid) values (14);
insert into Junior (eid) values (15);
insert into Junior (eid) values (16);
insert into Junior (eid) values (17);
insert into Junior (eid) values (18);
insert into Junior (eid) values (19);
insert into Junior (eid) values (20);
insert into Junior (eid) values (81);
insert into Junior (eid) values (82);
insert into Junior (eid) values (83);
insert into Junior (eid) values (84);
insert into Junior (eid) values (85);
insert into Junior (eid) values (86);
insert into Junior (eid) values (87);
insert into Junior (eid) values (88);
insert into Junior (eid) values (89);
insert into Junior (eid) values (90);
insert into Junior (eid) values (91);
insert into Junior (eid) values (92);
insert into Junior (eid) values (93);
insert into Junior (eid) values (94);
insert into Junior (eid) values (95);
insert into Junior (eid) values (96);
insert into Junior (eid) values (97);
insert into Junior (eid) values (98);
insert into Junior (eid) values (99);
insert into Junior (eid) values (100);

-- Senior 
insert into Senior (eid) values (21);
insert into Senior (eid) values (22);
insert into Senior (eid) values (23);
insert into Senior (eid) values (24);
insert into Senior (eid) values (25);
insert into Senior (eid) values (26);
insert into Senior (eid) values (27);
insert into Senior (eid) values (28);
insert into Senior (eid) values (29);
insert into Senior (eid) values (30);
insert into Senior (eid) values (31);
insert into Senior (eid) values (32);
insert into Senior (eid) values (33);
insert into Senior (eid) values (34);
insert into Senior (eid) values (35);
insert into Senior (eid) values (36);
insert into Senior (eid) values (37);
insert into Senior (eid) values (38);
insert into Senior (eid) values (39);
insert into Senior (eid) values (40);
insert into Senior (eid) values (41);
insert into Senior (eid) values (42);
insert into Senior (eid) values (43);
insert into Senior (eid) values (44);
insert into Senior (eid) values (45);
insert into Senior (eid) values (46);
insert into Senior (eid) values (47);
insert into Senior (eid) values (48);
insert into Senior (eid) values (49);
insert into Senior (eid) values (50);
insert into Senior (eid) values (51);
insert into Senior (eid) values (52);
insert into Senior (eid) values (53);
insert into Senior (eid) values (54);
insert into Senior (eid) values (55);
insert into Senior (eid) values (56);
insert into Senior (eid) values (57);
insert into Senior (eid) values (58);
insert into Senior (eid) values (59);
insert into Senior (eid) values (60);

-- Manager Data
insert into Manager (eid) values (61);
insert into Manager (eid) values (62);
insert into Manager (eid) values (63);
insert into Manager (eid) values (64);
insert into Manager (eid) values (65);
insert into Manager (eid) values (66);
insert into Manager (eid) values (67);
insert into Manager (eid) values (68);
insert into Manager (eid) values (69);
insert into Manager (eid) values (70);
insert into Manager (eid) values (71);
insert into Manager (eid) values (72);
insert into Manager (eid) values (73);
insert into Manager (eid) values (74);
insert into Manager (eid) values (75);
insert into Manager (eid) values (76);
insert into Manager (eid) values (77);
insert into Manager (eid) values (78);
insert into Manager (eid) values (79);
insert into Manager (eid) values (80);

insert into Booker (eid) values (21);
insert into Booker (eid) values (22);
insert into Booker (eid) values (23);
insert into Booker (eid) values (24);
insert into Booker (eid) values (25);
insert into Booker (eid) values (26);
insert into Booker (eid) values (27);
insert into Booker (eid) values (28);
insert into Booker (eid) values (29);
insert into Booker (eid) values (30);
insert into Booker (eid) values (31);
insert into Booker (eid) values (32);
insert into Booker (eid) values (33);
insert into Booker (eid) values (34);
insert into Booker (eid) values (35);
insert into Booker (eid) values (36);
insert into Booker (eid) values (37);
insert into Booker (eid) values (38);
insert into Booker (eid) values (39);
insert into Booker (eid) values (40);
insert into Booker (eid) values (41);
insert into Booker (eid) values (42);
insert into Booker (eid) values (43);
insert into Booker (eid) values (44);
insert into Booker (eid) values (45);
insert into Booker (eid) values (46);
insert into Booker (eid) values (47);
insert into Booker (eid) values (48);
insert into Booker (eid) values (49);
insert into Booker (eid) values (50);
insert into Booker (eid) values (51);
insert into Booker (eid) values (52);
insert into Booker (eid) values (53);
insert into Booker (eid) values (54);
insert into Booker (eid) values (55);
insert into Booker (eid) values (56);
insert into Booker (eid) values (57);
insert into Booker (eid) values (58);
insert into Booker (eid) values (59);
insert into Booker (eid) values (60);
insert into Booker (eid) values (61);
insert into Booker (eid) values (62);
insert into Booker (eid) values (63);
insert into Booker (eid) values (64);
insert into Booker (eid) values (65);
insert into Booker (eid) values (66);
insert into Booker (eid) values (67);
insert into Booker (eid) values (68);
insert into Booker (eid) values (69);
insert into Booker (eid) values (70);
insert into Booker (eid) values (71);
insert into Booker (eid) values (72);
insert into Booker (eid) values (73);
insert into Booker (eid) values (74);
insert into Booker (eid) values (75);
insert into Booker (eid) values (76);
insert into Booker (eid) values (77);
insert into Booker (eid) values (78);
insert into Booker (eid) values (79);
insert into Booker (eid) values (80);


-- Health Declaration Data
-- employees with fever, employees 1 step 5 to 96
insert into Health_Declaration (eid, hd_date, temp) values (1, CURRENT_DATE, 38.0);
insert into Health_Declaration (eid, hd_date, temp) values (6, CURRENT_DATE, 38.4);
insert into Health_Declaration (eid, hd_date, temp) values (11, CURRENT_DATE, 41.7);
insert into Health_Declaration (eid, hd_date, temp) values (16, CURRENT_DATE, 38.3);
insert into Health_Declaration (eid, hd_date, temp) values (21, CURRENT_DATE, 40.8);
insert into Health_Declaration (eid, hd_date, temp) values (26, CURRENT_DATE, 37.5);
insert into Health_Declaration (eid, hd_date, temp) values (31, CURRENT_DATE, 40.9);
insert into Health_Declaration (eid, hd_date, temp) values (36, CURRENT_DATE, 42.0);
insert into Health_Declaration (eid, hd_date, temp) values (41, CURRENT_DATE, 38.6);
insert into Health_Declaration (eid, hd_date, temp) values (46, CURRENT_DATE, 39.3);
insert into Health_Declaration (eid, hd_date, temp) values (51, CURRENT_DATE, 37.6);
insert into Health_Declaration (eid, hd_date, temp) values (56, CURRENT_DATE, 41.6);
insert into Health_Declaration (eid, hd_date, temp) values (61, CURRENT_DATE, 39.0);
insert into Health_Declaration (eid, hd_date, temp) values (66, CURRENT_DATE, 38.7);
insert into Health_Declaration (eid, hd_date, temp) values (71, CURRENT_DATE, 40.5);
insert into Health_Declaration (eid, hd_date, temp) values (76, CURRENT_DATE, 39.3);
insert into Health_Declaration (eid, hd_date, temp) values (81, CURRENT_DATE, 38.1);
insert into Health_Declaration (eid, hd_date, temp) values (86, CURRENT_DATE, 41.4);
insert into Health_Declaration (eid, hd_date, temp) values (91, CURRENT_DATE, 37.5);
insert into Health_Declaration (eid, hd_date, temp) values (96, CURRENT_DATE, 41.0);

-- non fever employees
insert into Health_Declaration (eid, hd_date, temp) values (2, CURRENT_DATE, 35.5);
insert into Health_Declaration (eid, hd_date, temp) values (7, CURRENT_DATE, 34.5);
insert into Health_Declaration (eid, hd_date, temp) values (12, CURRENT_DATE, 34.2);
insert into Health_Declaration (eid, hd_date, temp) values (17, CURRENT_DATE, 35.8);
insert into Health_Declaration (eid, hd_date, temp) values (22, CURRENT_DATE, 37.0);
insert into Health_Declaration (eid, hd_date, temp) values (27, CURRENT_DATE, 36.7);
insert into Health_Declaration (eid, hd_date, temp) values (32, CURRENT_DATE, 35.0);
insert into Health_Declaration (eid, hd_date, temp) values (37, CURRENT_DATE, 36.7);
insert into Health_Declaration (eid, hd_date, temp) values (42, CURRENT_DATE, 34.1);
insert into Health_Declaration (eid, hd_date, temp) values (47, CURRENT_DATE, 35.1);
insert into Health_Declaration (eid, hd_date, temp) values (52, CURRENT_DATE, 34.5);
insert into Health_Declaration (eid, hd_date, temp) values (57, CURRENT_DATE, 35.4);
insert into Health_Declaration (eid, hd_date, temp) values (62, CURRENT_DATE, 35.0);
insert into Health_Declaration (eid, hd_date, temp) values (67, CURRENT_DATE, 36.2);
insert into Health_Declaration (eid, hd_date, temp) values (72, CURRENT_DATE, 36.1);
insert into Health_Declaration (eid, hd_date, temp) values (77, CURRENT_DATE, 35.1);
insert into Health_Declaration (eid, hd_date, temp) values (82, CURRENT_DATE, 34.7);
insert into Health_Declaration (eid, hd_date, temp) values (87, CURRENT_DATE, 34.7);
insert into Health_Declaration (eid, hd_date, temp) values (92, CURRENT_DATE, 35.7);
insert into Health_Declaration (eid, hd_date, temp) values (97, CURRENT_DATE, 34.8);
insert into Health_Declaration (eid, hd_date, temp) values (3, CURRENT_DATE, 34.8);
insert into Health_Declaration (eid, hd_date, temp) values (8, CURRENT_DATE, 36.3);
insert into Health_Declaration (eid, hd_date, temp) values (13, CURRENT_DATE, 37.0);
insert into Health_Declaration (eid, hd_date, temp) values (18, CURRENT_DATE, 34.8);
insert into Health_Declaration (eid, hd_date, temp) values (23, CURRENT_DATE, 35.6);
insert into Health_Declaration (eid, hd_date, temp) values (28, CURRENT_DATE, 37.1);
insert into Health_Declaration (eid, hd_date, temp) values (33, CURRENT_DATE, 36.2);
insert into Health_Declaration (eid, hd_date, temp) values (38, CURRENT_DATE, 37.4);
insert into Health_Declaration (eid, hd_date, temp) values (43, CURRENT_DATE, 35.7);
insert into Health_Declaration (eid, hd_date, temp) values (48, CURRENT_DATE, 36.3);
insert into Health_Declaration (eid, hd_date, temp) values (53, CURRENT_DATE, 36.5);
insert into Health_Declaration (eid, hd_date, temp) values (58, CURRENT_DATE, 34.9);
insert into Health_Declaration (eid, hd_date, temp) values (63, CURRENT_DATE, 35.0);
insert into Health_Declaration (eid, hd_date, temp) values (68, CURRENT_DATE, 35.1);
insert into Health_Declaration (eid, hd_date, temp) values (73, CURRENT_DATE, 36.7);
insert into Health_Declaration (eid, hd_date, temp) values (78, CURRENT_DATE, 36.7);
insert into Health_Declaration (eid, hd_date, temp) values (83, CURRENT_DATE, 34.1);
insert into Health_Declaration (eid, hd_date, temp) values (88, CURRENT_DATE, 35.9);
insert into Health_Declaration (eid, hd_date, temp) values (93, CURRENT_DATE, 36.9);
insert into Health_Declaration (eid, hd_date, temp) values (98, CURRENT_DATE, 35.7);
insert into Health_Declaration (eid, hd_date, temp) values (4, CURRENT_DATE, 34.8);
insert into Health_Declaration (eid, hd_date, temp) values (9, CURRENT_DATE, 34.9);
insert into Health_Declaration (eid, hd_date, temp) values (14, CURRENT_DATE, 34.7);
insert into Health_Declaration (eid, hd_date, temp) values (19, CURRENT_DATE, 35.7);
insert into Health_Declaration (eid, hd_date, temp) values (24, CURRENT_DATE, 35.6);
insert into Health_Declaration (eid, hd_date, temp) values (29, CURRENT_DATE, 36.0);
insert into Health_Declaration (eid, hd_date, temp) values (34, CURRENT_DATE, 37.3);
insert into Health_Declaration (eid, hd_date, temp) values (39, CURRENT_DATE, 35.8);
insert into Health_Declaration (eid, hd_date, temp) values (44, CURRENT_DATE, 35.6);
insert into Health_Declaration (eid, hd_date, temp) values (49, CURRENT_DATE, 35.9);
insert into Health_Declaration (eid, hd_date, temp) values (54, CURRENT_DATE, 34.4);
insert into Health_Declaration (eid, hd_date, temp) values (59, CURRENT_DATE, 35.0);
insert into Health_Declaration (eid, hd_date, temp) values (64, CURRENT_DATE, 36.2);
insert into Health_Declaration (eid, hd_date, temp) values (69, CURRENT_DATE, 37.2);
insert into Health_Declaration (eid, hd_date, temp) values (74, CURRENT_DATE, 35.7);
insert into Health_Declaration (eid, hd_date, temp) values (79, CURRENT_DATE, 36.9);
insert into Health_Declaration (eid, hd_date, temp) values (84, CURRENT_DATE, 36.5);
insert into Health_Declaration (eid, hd_date, temp) values (89, CURRENT_DATE, 34.1);
insert into Health_Declaration (eid, hd_date, temp) values (94, CURRENT_DATE, 35.1);
insert into Health_Declaration (eid, hd_date, temp) values (99, CURRENT_DATE, 35.8);
insert into Health_Declaration (eid, hd_date, temp) values (5, CURRENT_DATE, 35.1);
insert into Health_Declaration (eid, hd_date, temp) values (10, CURRENT_DATE, 36.5);
insert into Health_Declaration (eid, hd_date, temp) values (15, CURRENT_DATE, 36.4);
insert into Health_Declaration (eid, hd_date, temp) values (20, CURRENT_DATE, 36.1);
insert into Health_Declaration (eid, hd_date, temp) values (25, CURRENT_DATE, 34.2);
insert into Health_Declaration (eid, hd_date, temp) values (30, CURRENT_DATE, 35.6);
insert into Health_Declaration (eid, hd_date, temp) values (35, CURRENT_DATE, 36.6);
insert into Health_Declaration (eid, hd_date, temp) values (40, CURRENT_DATE, 35.5);
insert into Health_Declaration (eid, hd_date, temp) values (45, CURRENT_DATE, 34.7);
insert into Health_Declaration (eid, hd_date, temp) values (50, CURRENT_DATE, 37.4);
insert into Health_Declaration (eid, hd_date, temp) values (55, CURRENT_DATE, 35.0);
insert into Health_Declaration (eid, hd_date, temp) values (60, CURRENT_DATE, 36.8);
insert into Health_Declaration (eid, hd_date, temp) values (65, CURRENT_DATE, 34.2);
insert into Health_Declaration (eid, hd_date, temp) values (70, CURRENT_DATE, 36.0);
insert into Health_Declaration (eid, hd_date, temp) values (75, CURRENT_DATE, 36.5);
insert into Health_Declaration (eid, hd_date, temp) values (80, CURRENT_DATE, 35.9);
insert into Health_Declaration (eid, hd_date, temp) values (85, CURRENT_DATE, 36.2);
insert into Health_Declaration (eid, hd_date, temp) values (90, CURRENT_DATE, 36.4);
insert into Health_Declaration (eid, hd_date, temp) values (95, CURRENT_DATE, 37.3);
insert into Health_Declaration (eid, hd_date, temp) values (100, CURRENT_DATE, 35.0);

-- Meeting Room Data
insert into Meeting_Rooms (room, floor_no, rname, did) values (1, 1, 'Parry''s Rabbitbrush', 1);
insert into Meeting_Rooms (room, floor_no, rname, did) values (2, 1, 'Hawai''i Bluegrass', 1);
insert into Meeting_Rooms (room, floor_no, rname, did) values (1, 2, 'Memphisgrass', 2);
insert into Meeting_Rooms (room, floor_no, rname, did) values (2, 2, 'Skimmia', 2);
insert into Meeting_Rooms (room, floor_no, rname, did) values (1, 3, 'Hempvine', 3);
insert into Meeting_Rooms (room, floor_no, rname, did) values (2, 3, 'Jelly Lichen', 3);
insert into Meeting_Rooms (room, floor_no, rname, did) values (1, 4, 'Mourning Milkvetch', 4);
insert into Meeting_Rooms (room, floor_no, rname, did) values (2, 4, 'Geyer''s Oniongrass', 4);
insert into Meeting_Rooms (room, floor_no, rname, did) values (1, 5, 'Anglestem Buckwheat', 5);
insert into Meeting_Rooms (room, floor_no, rname, did) values (2, 5, 'Dwarf Senna', 5);
insert into Meeting_Rooms (room, floor_no, rname, did) values (1, 6, 'Willow Baccharis', 6);
insert into Meeting_Rooms (room, floor_no, rname, did) values (2, 6, 'Soft Western Rosinweed', 6);
insert into Meeting_Rooms (room, floor_no, rname, did) values (1, 7, 'Purplehead Sneezeweed', 7);
insert into Meeting_Rooms (room, floor_no, rname, did) values (2, 7, 'Smallflower Indigo', 7);
insert into Meeting_Rooms (room, floor_no, rname, did) values (1, 8, 'Nigella', 8);
insert into Meeting_Rooms (room, floor_no, rname, did) values (2, 8, 'Hyssop', 8);
insert into Meeting_Rooms (room, floor_no, rname, did) values (1, 9, 'Grevillea', 9);
insert into Meeting_Rooms (room, floor_no, rname, did) values (2, 9, 'Red Cryptocarya', 9);
insert into Meeting_Rooms (room, floor_no, rname, did) values (1, 10, 'Liebmann''s Bristlegrass', 10);
insert into Meeting_Rooms (room, floor_no, rname, did) values (2, 10, 'Peak Saxifrage', 10);
insert into Meeting_Rooms (room, floor_no, rname, did) values (1, 11, 'Dot Lichen', 11);
insert into Meeting_Rooms (room, floor_no, rname, did) values (2, 11, 'Nightflowering Silene', 11);
insert into Meeting_Rooms (room, floor_no, rname, did) values (1, 12, 'Mahogany Mistletoe', 12);
insert into Meeting_Rooms (room, floor_no, rname, did) values (2, 12, 'Perovskia', 12);
insert into Meeting_Rooms (room, floor_no, rname, did) values (1, 13, 'Bottlebrush Sedge', 13);
insert into Meeting_Rooms (room, floor_no, rname, did) values (2, 13, 'Alaska Bluegrass', 13);
insert into Meeting_Rooms (room, floor_no, rname, did) values (1, 14, 'Italian Alder', 14);
insert into Meeting_Rooms (room, floor_no, rname, did) values (2, 14, 'Slender Mountain Sandwort', 14);
insert into Meeting_Rooms (room, floor_no, rname, did) values (1, 15, 'Tapertip Wakerobin', 15);
insert into Meeting_Rooms (room, floor_no, rname, did) values (2, 15, 'Script Lichen', 15);
insert into Meeting_Rooms (room, floor_no, rname, did) values (1, 16, 'Pondweed', 16);
insert into Meeting_Rooms (room, floor_no, rname, did) values (2, 16, 'Pride Of Madeira', 16);
insert into Meeting_Rooms (room, floor_no, rname, did) values (1, 17, 'Ribbed Fringepod', 17);
insert into Meeting_Rooms (room, floor_no, rname, did) values (2, 17, 'Dwarf Yellow Fleabane', 17);
insert into Meeting_Rooms (room, floor_no, rname, did) values (1, 18, 'Wahlenberg''s Catolechia Lichen', 18);
insert into Meeting_Rooms (room, floor_no, rname, did) values (2, 18, 'Chaffweed', 18);
insert into Meeting_Rooms (room, floor_no, rname, did) values (1, 19, 'Dwarf Mountain Lupine', 19);
insert into Meeting_Rooms (room, floor_no, rname, did) values (2, 19, 'Western Rattlesnakeroot', 19);
insert into Meeting_Rooms (room, floor_no, rname, did) values (1, 20, 'Key Lime', 20);
insert into Meeting_Rooms (room, floor_no, rname, did) values (2, 20, 'Grundlach''s Attorney', 20);

-- initial update
insert into Updates (room, floor_no, update_date, new_capacity, eid) values (1, 1, '2021-11-04', 99, 61);
insert into Updates (room, floor_no, update_date, new_capacity, eid) values (2, 1, '2021-11-04', 81, 61);
insert into Updates (room, floor_no, update_date, new_capacity, eid) values (1, 2, '2021-11-04', 56, 62);
insert into Updates (room, floor_no, update_date, new_capacity, eid) values (2, 2, '2021-11-04', 83, 62);
insert into Updates (room, floor_no, update_date, new_capacity, eid) values (1, 3, '2021-11-04', 93, 63);
insert into Updates (room, floor_no, update_date, new_capacity, eid) values (2, 3, '2021-11-04', 58, 63);
insert into Updates (room, floor_no, update_date, new_capacity, eid) values (1, 4, '2021-11-04', 82, 64);
insert into Updates (room, floor_no, update_date, new_capacity, eid) values (2, 4, '2021-11-04', 88, 64);
insert into Updates (room, floor_no, update_date, new_capacity, eid) values (1, 5, '2021-11-04', 96, 65);
insert into Updates (room, floor_no, update_date, new_capacity, eid) values (2, 5, '2021-11-04', 55, 65);
insert into Updates (room, floor_no, update_date, new_capacity, eid) values (1, 6, '2021-11-04', 96, 66);
insert into Updates (room, floor_no, update_date, new_capacity, eid) values (2, 6, '2021-11-04', 70, 66);
insert into Updates (room, floor_no, update_date, new_capacity, eid) values (1, 7, '2021-11-04', 90, 67);
insert into Updates (room, floor_no, update_date, new_capacity, eid) values (2, 7, '2021-11-04', 89, 67);
insert into Updates (room, floor_no, update_date, new_capacity, eid) values (1, 8, '2021-11-04', 76, 68);
insert into Updates (room, floor_no, update_date, new_capacity, eid) values (2, 8, '2021-11-04', 81, 68);
insert into Updates (room, floor_no, update_date, new_capacity, eid) values (1, 9, '2021-11-04', 56, 69);
insert into Updates (room, floor_no, update_date, new_capacity, eid) values (2, 9, '2021-11-04', 57, 69);
insert into Updates (room, floor_no, update_date, new_capacity, eid) values (1, 10, '2021-11-04', 63, 70);
insert into Updates (room, floor_no, update_date, new_capacity, eid) values (2, 10, '2021-11-04', 93, 70);
insert into Updates (room, floor_no, update_date, new_capacity, eid) values (1, 11, '2021-11-04', 67, 71);
insert into Updates (room, floor_no, update_date, new_capacity, eid) values (2, 11, '2021-11-04', 57, 71);
insert into Updates (room, floor_no, update_date, new_capacity, eid) values (1, 12, '2021-11-04', 83, 72);
insert into Updates (room, floor_no, update_date, new_capacity, eid) values (2, 12, '2021-11-04', 57, 72);
insert into Updates (room, floor_no, update_date, new_capacity, eid) values (1, 13, '2021-11-04', 87, 73);
insert into Updates (room, floor_no, update_date, new_capacity, eid) values (2, 13, '2021-11-04', 82, 73);
insert into Updates (room, floor_no, update_date, new_capacity, eid) values (1, 14, '2021-11-04', 61, 74);
insert into Updates (room, floor_no, update_date, new_capacity, eid) values (2, 14, '2021-11-04', 62, 74);
insert into Updates (room, floor_no, update_date, new_capacity, eid) values (1, 15, '2021-11-04', 59, 75);
insert into Updates (room, floor_no, update_date, new_capacity, eid) values (2, 15, '2021-11-04', 87, 75);
insert into Updates (room, floor_no, update_date, new_capacity, eid) values (1, 16, '2021-11-04', 73, 76);
insert into Updates (room, floor_no, update_date, new_capacity, eid) values (2, 16, '2021-11-04', 95, 76);
insert into Updates (room, floor_no, update_date, new_capacity, eid) values (1, 17, '2021-11-04', 64, 77);
insert into Updates (room, floor_no, update_date, new_capacity, eid) values (2, 17, '2021-11-04', 89, 77);
insert into Updates (room, floor_no, update_date, new_capacity, eid) values (1, 18, '2021-11-04', 94, 78);
insert into Updates (room, floor_no, update_date, new_capacity, eid) values (2, 18, '2021-11-04', 81, 78);
insert into Updates (room, floor_no, update_date, new_capacity, eid) values (1, 19, '2021-11-04', 52, 79);
insert into Updates (room, floor_no, update_date, new_capacity, eid) values (2, 19, '2021-11-04', 61, 79);
insert into Updates (room, floor_no, update_date, new_capacity, eid) values (1, 20, '2021-11-04', 54, 80);
insert into Updates (room, floor_no, update_date, new_capacity, eid) values (2, 20, '2021-11-04', 58, 80);

INSERT INTO Meetings (room, floor_no, meeting_date, start_time, booker_eid, approver_eid) VALUES ();
INSERT INTO Meetings (room, floor_no, meeting_date, start_time, booker_eid, approver_eid) VALUES ();
INSERT INTO Meetings (room, floor_no, meeting_date, start_time, booker_eid, approver_eid) VALUES ();
INSERT INTO Meetings (room, floor_no, meeting_date, start_time, booker_eid, approver_eid) VALUES ();
INSERT INTO Meetings (room, floor_no, meeting_date, start_time, booker_eid, approver_eid) VALUES ();
INSERT INTO Meetings (room, floor_no, meeting_date, start_time, booker_eid, approver_eid) VALUES ();
INSERT INTO Meetings (room, floor_no, meeting_date, start_time, booker_eid, approver_eid) VALUES ();
INSERT INTO Meetings (room, floor_no, meeting_date, start_time, booker_eid, approver_eid) VALUES ();
INSERT INTO Meetings (room, floor_no, meeting_date, start_time, booker_eid, approver_eid) VALUES ();
INSERT INTO Meetings (room, floor_no, meeting_date, start_time, booker_eid, approver_eid) VALUES ();
INSERT INTO Meetings (room, floor_no, meeting_date, start_time, booker_eid, approver_eid) VALUES ();
INSERT INTO Meetings (room, floor_no, meeting_date, start_time, booker_eid, approver_eid) VALUES ();
INSERT INTO Meetings (room, floor_no, meeting_date, start_time, booker_eid, approver_eid) VALUES ();
INSERT INTO Meetings (room, floor_no, meeting_date, start_time, booker_eid, approver_eid) VALUES ();
INSERT INTO Meetings (room, floor_no, meeting_date, start_time, booker_eid, approver_eid) VALUES ();
INSERT INTO Meetings (room, floor_no, meeting_date, start_time, booker_eid, approver_eid) VALUES ();
INSERT INTO Meetings (room, floor_no, meeting_date, start_time, booker_eid, approver_eid) VALUES ();
INSERT INTO Meetings (room, floor_no, meeting_date, start_time, booker_eid, approver_eid) VALUES ();
INSERT INTO Meetings (room, floor_no, meeting_date, start_time, booker_eid, approver_eid) VALUES ();
INSERT INTO Meetings (room, floor_no, meeting_date, start_time, booker_eid, approver_eid) VALUES ();