DELETE FROM Joins;
DELETE FROM Meetings;
DELETE FROM Updates;
DELETE FROM Meeting_Rooms;
DELETE FROM Health_Declaration;
DELETE FROM Manager;
DELETE FROM Senior;
DELETE FROM Booker;
DELETE FROM Junior;
DELETE FROM Phone_Numbers;
DELETE FROM Employees;
DELETE FROM Departments;

-- Departments Data
INSERT INTO Departments (did, dname) VALUES (1, 'Support');
INSERT INTO Departments (did, dname) VALUES (2, 'Support');
INSERT INTO Departments (did, dname) VALUES (3, 'Sales');
INSERT INTO Departments (did, dname) VALUES (4, 'Marketing');
INSERT INTO Departments (did, dname) VALUES (5, 'Services');
INSERT INTO Departments (did, dname) VALUES (6, 'Support');
INSERT INTO Departments (did, dname) VALUES (7, 'Engineering');
INSERT INTO Departments (did, dname) VALUES (8, 'Research and Development');
INSERT INTO Departments (did, dname) VALUES (9, 'Support');
INSERT INTO Departments (did, dname) VALUES (10, 'Human Resources');
INSERT INTO Departments (did, dname) VALUES (11, 'Training');
INSERT INTO Departments (did, dname) VALUES (12, 'Engineering');
INSERT INTO Departments (did, dname) VALUES (13, 'Training');
INSERT INTO Departments (did, dname) VALUES (14, 'Training');
INSERT INTO Departments (did, dname) VALUES (15, 'Support');
INSERT INTO Departments (did, dname) VALUES (16, 'Accounting');
INSERT INTO Departments (did, dname) VALUES (17, 'Sales');
INSERT INTO Departments (did, dname) VALUES (18, 'Accounting');
INSERT INTO Departments (did, dname) VALUES (19, 'Sales');
INSERT INTO Departments (did, dname) VALUES (20, 'Legal');

-- Employees Data
INSERT INTO Employees (eid, did, email, ename) VALUES (1, 1, 'Maynard_Parley_1@bluewhale.org', 'Maynard Parley');
INSERT INTO Employees (eid, did, email, ename) VALUES (2, 2, 'Ariel_Goult_2@bluewhale.org', 'Ariel Goult');
INSERT INTO Employees (eid, did, email, ename) VALUES (3, 3, 'Alane_Gaze_3@bluewhale.org', 'Alane Gaze');
INSERT INTO Employees (eid, did, email, ename) VALUES (4, 4, 'Rosy_Ferrieres_4@bluewhale.org', 'Rosy Ferrieres');
INSERT INTO Employees (eid, did, email, ename) VALUES (5, 5, 'Clevey_LAnglois_5@bluewhale.org', 'Clevey LAnglois');
INSERT INTO Employees (eid, did, email, ename) VALUES (6, 6, 'Abby_Merrill_6@bluewhale.org', 'Abby Merrill');
INSERT INTO Employees (eid, did, email, ename) VALUES (7, 7, 'Krissie_Ingledew_7@bluewhale.org', 'Krissie Ingledew');
INSERT INTO Employees (eid, did, email, ename) VALUES (8, 8, 'Mitch_Boutflour_8@bluewhale.org', 'Mitch Boutflour');
INSERT INTO Employees (eid, did, email, ename) VALUES (9, 9, 'Dwayne_Ayto_9@bluewhale.org', 'Dwayne Ayto');
INSERT INTO Employees (eid, did, email, ename) VALUES (10, 10, 'Gerhardt_Migheli_10@bluewhale.org', 'Gerhardt Migheli');
INSERT INTO Employees (eid, did, email, ename) VALUES (11, 11, 'Garland_Bolle_11@bluewhale.org', 'Garland Bolle');
INSERT INTO Employees (eid, did, email, ename) VALUES (12, 12, 'Knox_Fehner_12@bluewhale.org', 'Knox Fehner');
INSERT INTO Employees (eid, did, email, ename) VALUES (13, 13, 'Marybelle_Cattach_13@bluewhale.org', 'Marybelle Cattach');
INSERT INTO Employees (eid, did, email, ename) VALUES (14, 14, 'Ricki_Orts_14@bluewhale.org', 'Ricki Orts');
INSERT INTO Employees (eid, did, email, ename) VALUES (15, 15, 'Hermie_Wooller_15@bluewhale.org', 'Hermie Wooller');
INSERT INTO Employees (eid, did, email, ename) VALUES (16, 16, 'Delila_Helsby_16@bluewhale.org', 'Delila Helsby');
INSERT INTO Employees (eid, did, email, ename) VALUES (17, 17, 'Skell_Matthews_17@bluewhale.org', 'Skell Matthews');
INSERT INTO Employees (eid, did, email, ename) VALUES (18, 18, 'Cosmo_Maddock_18@bluewhale.org', 'Cosmo Maddock');
INSERT INTO Employees (eid, did, email, ename) VALUES (19, 19, 'Dido_Challicombe_19@bluewhale.org', 'Dido Challicombe');
INSERT INTO Employees (eid, did, email, ename) VALUES (20, 20, 'Lyndel_Ovington_20@bluewhale.org', 'Lyndel Ovington');
INSERT INTO Employees (eid, did, email, ename) VALUES (21, 1, 'Boy_Pottle_21@bluewhale.org', 'Boy Pottle');
INSERT INTO Employees (eid, did, email, ename) VALUES (22, 2, 'Jade_Hearon_22@bluewhale.org', 'Jade Hearon');
INSERT INTO Employees (eid, did, email, ename) VALUES (23, 3, 'Marrissa_Lawtie_23@bluewhale.org', 'Marrissa Lawtie');
INSERT INTO Employees (eid, did, email, ename) VALUES (24, 4, 'Abner_Zealey_24@bluewhale.org', 'Abner Zealey');
INSERT INTO Employees (eid, did, email, ename) VALUES (25, 5, 'Rickie_Moffett_25@bluewhale.org', 'Rickie Moffett');
INSERT INTO Employees (eid, did, email, ename) VALUES (26, 6, 'Bertina_Gosney_26@bluewhale.org', 'Bertina Gosney');
INSERT INTO Employees (eid, did, email, ename) VALUES (27, 7, 'Gayelord_Fountaine_27@bluewhale.org', 'Gayelord Fountaine');
INSERT INTO Employees (eid, did, email, ename) VALUES (28, 8, 'Sayre_Kivits_28@bluewhale.org', 'Sayre Kivits');
INSERT INTO Employees (eid, did, email, ename) VALUES (29, 9, 'Griffith_Langthorn_29@bluewhale.org', 'Griffith Langthorn');
INSERT INTO Employees (eid, did, email, ename) VALUES (30, 10, 'Ansel_Riditch_30@bluewhale.org', 'Ansel Riditch');
INSERT INTO Employees (eid, did, email, ename) VALUES (31, 11, 'Drusie_Pratten_31@bluewhale.org', 'Drusie Pratten');
INSERT INTO Employees (eid, did, email, ename) VALUES (32, 12, 'Amara_Kenvin_32@bluewhale.org', 'Amara Kenvin');
INSERT INTO Employees (eid, did, email, ename) VALUES (33, 13, 'Berton_OHdirscoll_33@bluewhale.org', 'Berton OHdirscoll');
INSERT INTO Employees (eid, did, email, ename) VALUES (34, 14, 'Peter_Holleran_34@bluewhale.org', 'Peter Holleran');
INSERT INTO Employees (eid, did, email, ename) VALUES (35, 15, 'Zachariah_Beche_35@bluewhale.org', 'Zachariah Beche');
INSERT INTO Employees (eid, did, email, ename) VALUES (36, 16, 'Ellary_Gostick_36@bluewhale.org', 'Ellary Gostick');
INSERT INTO Employees (eid, did, email, ename) VALUES (37, 17, 'Biddy_Marchington_37@bluewhale.org', 'Biddy Marchington');
INSERT INTO Employees (eid, did, email, ename) VALUES (38, 18, 'Gerrard_Greendale_38@bluewhale.org', 'Gerrard Greendale');
INSERT INTO Employees (eid, did, email, ename) VALUES (39, 19, 'Wheeler_Faulkner_39@bluewhale.org', 'Wheeler Faulkner');
INSERT INTO Employees (eid, did, email, ename) VALUES (40, 20, 'Frasquito_Jessen_40@bluewhale.org', 'Frasquito Jessen');
INSERT INTO Employees (eid, did, email, ename) VALUES (41, 1, 'Clarance_Piggens_41@bluewhale.org', 'Clarance Piggens');
INSERT INTO Employees (eid, did, email, ename) VALUES (42, 2, 'Jena_Hambatch_42@bluewhale.org', 'Jena Hambatch');
INSERT INTO Employees (eid, did, email, ename) VALUES (43, 3, 'Rowney_Kuscha_43@bluewhale.org', 'Rowney Kuscha');
INSERT INTO Employees (eid, did, email, ename) VALUES (44, 4, 'Frasco_Adhams_44@bluewhale.org', 'Frasco Adhams');
INSERT INTO Employees (eid, did, email, ename) VALUES (45, 5, 'Willyt_Navein_45@bluewhale.org', 'Willyt Navein');
INSERT INTO Employees (eid, did, email, ename) VALUES (46, 6, 'Corenda_Gouny_46@bluewhale.org', 'Corenda Gouny');
INSERT INTO Employees (eid, did, email, ename) VALUES (47, 7, 'Stanfield_Gillitt_47@bluewhale.org', 'Stanfield Gillitt');
INSERT INTO Employees (eid, did, email, ename) VALUES (48, 8, 'Pammi_Guiot_48@bluewhale.org', 'Pammi Guiot');
INSERT INTO Employees (eid, did, email, ename) VALUES (49, 9, 'Pooh_Malitrott_49@bluewhale.org', 'Pooh Malitrott');
INSERT INTO Employees (eid, did, email, ename) VALUES (50, 10, 'Valli_Mineghelli_50@bluewhale.org', 'Valli Mineghelli');
INSERT INTO Employees (eid, did, email, ename) VALUES (51, 11, 'Codie_Kenewell_51@bluewhale.org', 'Codie Kenewell');
INSERT INTO Employees (eid, did, email, ename) VALUES (52, 12, 'Cherish_Fulton_52@bluewhale.org', 'Cherish Fulton');
INSERT INTO Employees (eid, did, email, ename) VALUES (53, 13, 'Sarita_Writer_53@bluewhale.org', 'Sarita Writer');
INSERT INTO Employees (eid, did, email, ename) VALUES (54, 14, 'Tamma_Huxter_54@bluewhale.org', 'Tamma Huxter');
INSERT INTO Employees (eid, did, email, ename) VALUES (55, 15, 'Ahmad_Torres_55@bluewhale.org', 'Ahmad Torres');
INSERT INTO Employees (eid, did, email, ename) VALUES (56, 16, 'Gwenore_Farryann_56@bluewhale.org', 'Gwenore Farryann');
INSERT INTO Employees (eid, did, email, ename) VALUES (57, 17, 'Farleigh_Hyne_57@bluewhale.org', 'Farleigh Hyne');
INSERT INTO Employees (eid, did, email, ename) VALUES (58, 18, 'Jeff_Kehoe_58@bluewhale.org', 'Jeff Kehoe');
INSERT INTO Employees (eid, did, email, ename) VALUES (59, 19, 'Arlen_Janicijevic_59@bluewhale.org', 'Arlen Janicijevic');
INSERT INTO Employees (eid, did, email, ename) VALUES (60, 20, 'Juana_Houlaghan_60@bluewhale.org', 'Juana Houlaghan');
INSERT INTO Employees (eid, did, email, ename) VALUES (61, 1, 'Reiko_OFihillie_61@bluewhale.org', 'Reiko OFihillie');
INSERT INTO Employees (eid, did, email, ename) VALUES (62, 2, 'Phil_Brady_62@bluewhale.org', 'Phil Brady');
INSERT INTO Employees (eid, did, email, ename) VALUES (63, 3, 'Eartha_Brandt_63@bluewhale.org', 'Eartha Brandt');
INSERT INTO Employees (eid, did, email, ename) VALUES (64, 4, 'Xylina_Benfell_64@bluewhale.org', 'Xylina Benfell');
INSERT INTO Employees (eid, did, email, ename) VALUES (65, 5, 'Hatti_Asquith_65@bluewhale.org', 'Hatti Asquith');
INSERT INTO Employees (eid, did, email, ename) VALUES (66, 6, 'Klemens_Fontaine_66@bluewhale.org', 'Klemens Fontaine');
INSERT INTO Employees (eid, did, email, ename) VALUES (67, 7, 'Mario_Mengo_67@bluewhale.org', 'Mario Mengo');
INSERT INTO Employees (eid, did, email, ename) VALUES (68, 8, 'Nealson_Vairow_68@bluewhale.org', 'Nealson Vairow');
INSERT INTO Employees (eid, did, email, ename) VALUES (69, 9, 'Carmelle_Binham_69@bluewhale.org', 'Carmelle Binham');
INSERT INTO Employees (eid, did, email, ename) VALUES (70, 10, 'Nikki_Geroldi_70@bluewhale.org', 'Nikki Geroldi');
INSERT INTO Employees (eid, did, email, ename) VALUES (71, 11, 'Agnes_Matzl_71@bluewhale.org', 'Agnes Matzl');
INSERT INTO Employees (eid, did, email, ename) VALUES (72, 12, 'Leigha_Crickmore_72@bluewhale.org', 'Leigha Crickmore');
INSERT INTO Employees (eid, did, email, ename) VALUES (73, 13, 'Cindra_Hamshar_73@bluewhale.org', 'Cindra Hamshar');
INSERT INTO Employees (eid, did, email, ename) VALUES (74, 14, 'Melodie_Sallery_74@bluewhale.org', 'Melodie Sallery');
INSERT INTO Employees (eid, did, email, ename) VALUES (75, 15, 'Maire_Veelers_75@bluewhale.org', 'Maire Veelers');
INSERT INTO Employees (eid, did, email, ename) VALUES (76, 16, 'Antonia_Pristnor_76@bluewhale.org', 'Antonia Pristnor');
INSERT INTO Employees (eid, did, email, ename) VALUES (77, 17, 'Hill_Handrahan_77@bluewhale.org', 'Hill Handrahan');
INSERT INTO Employees (eid, did, email, ename) VALUES (78, 18, 'Lilli_Slay_78@bluewhale.org', 'Lilli Slay');
INSERT INTO Employees (eid, did, email, ename) VALUES (79, 19, 'Rhianna_Wimpenny_79@bluewhale.org', 'Rhianna Wimpenny');
INSERT INTO Employees (eid, did, email, ename) VALUES (80, 20, 'Ara_Mochar_80@bluewhale.org', 'Ara Mochar');
INSERT INTO Employees (eid, did, email, ename) VALUES (81, 1, 'Romain_Brislan_81@bluewhale.org', 'Romain Brislan');
INSERT INTO Employees (eid, did, email, ename) VALUES (82, 2, 'Christine_Majury_82@bluewhale.org', 'Christine Majury');
INSERT INTO Employees (eid, did, email, ename) VALUES (83, 3, 'Humberto_Rothon_83@bluewhale.org', 'Humberto Rothon');
INSERT INTO Employees (eid, did, email, ename) VALUES (84, 4, 'Ellsworth_Thorley_84@bluewhale.org', 'Ellsworth Thorley');
INSERT INTO Employees (eid, did, email, ename) VALUES (85, 5, 'Wileen_Karpf_85@bluewhale.org', 'Wileen Karpf');
INSERT INTO Employees (eid, did, email, ename) VALUES (86, 6, 'Ev_Charlet_86@bluewhale.org', 'Ev Charlet');
INSERT INTO Employees (eid, did, email, ename) VALUES (87, 7, 'Zelma_Rubinsohn_87@bluewhale.org', 'Zelma Rubinsohn');
INSERT INTO Employees (eid, did, email, ename) VALUES (88, 8, 'Tabbatha_McIlwain_88@bluewhale.org', 'Tabbatha McIlwain');
INSERT INTO Employees (eid, did, email, ename) VALUES (89, 9, 'Arline_Clemendot_89@bluewhale.org', 'Arline Clemendot');
INSERT INTO Employees (eid, did, email, ename) VALUES (90, 10, 'Linell_Gittings_90@bluewhale.org', 'Linell Gittings');
INSERT INTO Employees (eid, did, email, ename) VALUES (91, 11, 'Ira_Felce_91@bluewhale.org', 'Ira Felce');
INSERT INTO Employees (eid, did, email, ename) VALUES (92, 12, 'Matthieu_Kirwan_92@bluewhale.org', 'Matthieu Kirwan');
INSERT INTO Employees (eid, did, email, ename) VALUES (93, 13, 'Adlai_Ivashev_93@bluewhale.org', 'Adlai Ivashev');
INSERT INTO Employees (eid, did, email, ename) VALUES (94, 14, 'Arturo_Bruggen_94@bluewhale.org', 'Arturo Bruggen');
INSERT INTO Employees (eid, did, email, ename) VALUES (95, 15, 'Viviyan_McKendry_95@bluewhale.org', 'Viviyan McKendry');
INSERT INTO Employees (eid, did, email, ename) VALUES (96, 16, 'Darby_Clemenzo_96@bluewhale.org', 'Darby Clemenzo');
INSERT INTO Employees (eid, did, email, ename) VALUES (97, 17, 'Granthem_Grinov_97@bluewhale.org', 'Granthem Grinov');
INSERT INTO Employees (eid, did, email, ename) VALUES (98, 18, 'Modesta_Cuseick_98@bluewhale.org', 'Modesta Cuseick');
INSERT INTO Employees (eid, did, email, ename) VALUES (99, 19, 'Liam_Riddel_99@bluewhale.org', 'Liam Riddel');
INSERT INTO Employees (eid, did, email, ename) VALUES (100, 20, 'Raynard_Strank_100@bluewhale.org', 'Raynard Strank');

-- Phone Numbers Data
INSERT INTO Phone_Numbers (eid, phone_number, phone_type) VALUES (1, 80674695, 'Office');
INSERT INTO Phone_Numbers (eid, phone_number, phone_type) VALUES (2, 98527663, 'Home');
INSERT INTO Phone_Numbers (eid, phone_number, phone_type) VALUES (3, 97955086, 'Home');
INSERT INTO Phone_Numbers (eid, phone_number, phone_type) VALUES (4, 90801640, 'Mobile');
INSERT INTO Phone_Numbers (eid, phone_number, phone_type) VALUES (5, 80359751, 'Mobile');
INSERT INTO Phone_Numbers (eid, phone_number, phone_type) VALUES (6, 82025585, 'Home');
INSERT INTO Phone_Numbers (eid, phone_number, phone_type) VALUES (7, 96857612, 'Home');
INSERT INTO Phone_Numbers (eid, phone_number, phone_type) VALUES (8, 84550420, 'Mobile');
INSERT INTO Phone_Numbers (eid, phone_number, phone_type) VALUES (9, 88442534, 'Home');
INSERT INTO Phone_Numbers (eid, phone_number, phone_type) VALUES (10, 96563985, 'Home');
INSERT INTO Phone_Numbers (eid, phone_number, phone_type) VALUES (11, 98672738, 'Mobile');
INSERT INTO Phone_Numbers (eid, phone_number, phone_type) VALUES (12, 87168860, 'Home');
INSERT INTO Phone_Numbers (eid, phone_number, phone_type) VALUES (13, 85873749, 'Office');
INSERT INTO Phone_Numbers (eid, phone_number, phone_type) VALUES (14, 92232508, 'Home');
INSERT INTO Phone_Numbers (eid, phone_number, phone_type) VALUES (15, 90645115, 'Mobile');
INSERT INTO Phone_Numbers (eid, phone_number, phone_type) VALUES (16, 90316619, 'Office');
INSERT INTO Phone_Numbers (eid, phone_number, phone_type) VALUES (17, 87140874, 'Mobile');
INSERT INTO Phone_Numbers (eid, phone_number, phone_type) VALUES (18, 94157024, 'Office');
INSERT INTO Phone_Numbers (eid, phone_number, phone_type) VALUES (19, 82672743, 'Mobile');
INSERT INTO Phone_Numbers (eid, phone_number, phone_type) VALUES (20, 80382950, 'Office');
INSERT INTO Phone_Numbers (eid, phone_number, phone_type) VALUES (21, 84941015, 'Home');
INSERT INTO Phone_Numbers (eid, phone_number, phone_type) VALUES (22, 90672779, 'Office');
INSERT INTO Phone_Numbers (eid, phone_number, phone_type) VALUES (23, 94742004, 'Home');
INSERT INTO Phone_Numbers (eid, phone_number, phone_type) VALUES (24, 88802394, 'Mobile');
INSERT INTO Phone_Numbers (eid, phone_number, phone_type) VALUES (25, 89017915, 'Office');
INSERT INTO Phone_Numbers (eid, phone_number, phone_type) VALUES (26, 91689112, 'Office');
INSERT INTO Phone_Numbers (eid, phone_number, phone_type) VALUES (27, 86195619, 'Mobile');
INSERT INTO Phone_Numbers (eid, phone_number, phone_type) VALUES (28, 92792691, 'Office');
INSERT INTO Phone_Numbers (eid, phone_number, phone_type) VALUES (29, 92146176, 'Home');
INSERT INTO Phone_Numbers (eid, phone_number, phone_type) VALUES (30, 87209866, 'Home');
INSERT INTO Phone_Numbers (eid, phone_number, phone_type) VALUES (31, 98722326, 'Home');
INSERT INTO Phone_Numbers (eid, phone_number, phone_type) VALUES (32, 87304067, 'Office');
INSERT INTO Phone_Numbers (eid, phone_number, phone_type) VALUES (33, 82958751, 'Office');
INSERT INTO Phone_Numbers (eid, phone_number, phone_type) VALUES (34, 86719159, 'Mobile');
INSERT INTO Phone_Numbers (eid, phone_number, phone_type) VALUES (35, 95844375, 'Home');
INSERT INTO Phone_Numbers (eid, phone_number, phone_type) VALUES (36, 98796900, 'Office');
INSERT INTO Phone_Numbers (eid, phone_number, phone_type) VALUES (37, 96027482, 'Office');
INSERT INTO Phone_Numbers (eid, phone_number, phone_type) VALUES (38, 91207362, 'Mobile');
INSERT INTO Phone_Numbers (eid, phone_number, phone_type) VALUES (39, 87575250, 'Mobile');
INSERT INTO Phone_Numbers (eid, phone_number, phone_type) VALUES (40, 86270919, 'Office');


-- Junior Employees (eid 1 to 33);
INSERT INTO Junior (eid) VALUES (1);
INSERT INTO Junior (eid) VALUES (2);
INSERT INTO Junior (eid) VALUES (3);
INSERT INTO Junior (eid) VALUES (4);
INSERT INTO Junior (eid) VALUES (5);
INSERT INTO Junior (eid) VALUES (6);
INSERT INTO Junior (eid) VALUES (7);
INSERT INTO Junior (eid) VALUES (8);
INSERT INTO Junior (eid) VALUES (9);
INSERT INTO Junior (eid) VALUES (10);
INSERT INTO Junior (eid) VALUES (11);
INSERT INTO Junior (eid) VALUES (12);
INSERT INTO Junior (eid) VALUES (13);
INSERT INTO Junior (eid) VALUES (14);
INSERT INTO Junior (eid) VALUES (15);
INSERT INTO Junior (eid) VALUES (16);
INSERT INTO Junior (eid) VALUES (17);
INSERT INTO Junior (eid) VALUES (18);
INSERT INTO Junior (eid) VALUES (19);
INSERT INTO Junior (eid) VALUES (20);
INSERT INTO Junior (eid) VALUES (81);
INSERT INTO Junior (eid) VALUES (82);
INSERT INTO Junior (eid) VALUES (83);
INSERT INTO Junior (eid) VALUES (84);
INSERT INTO Junior (eid) VALUES (85);
INSERT INTO Junior (eid) VALUES (86);
INSERT INTO Junior (eid) VALUES (87);
INSERT INTO Junior (eid) VALUES (88);
INSERT INTO Junior (eid) VALUES (89);
INSERT INTO Junior (eid) VALUES (90);
INSERT INTO Junior (eid) VALUES (91);
INSERT INTO Junior (eid) VALUES (92);
INSERT INTO Junior (eid) VALUES (93);
INSERT INTO Junior (eid) VALUES (94);
INSERT INTO Junior (eid) VALUES (95);
INSERT INTO Junior (eid) VALUES (96);
INSERT INTO Junior (eid) VALUES (97);
INSERT INTO Junior (eid) VALUES (98);
INSERT INTO Junior (eid) VALUES (99);
INSERT INTO Junior (eid) VALUES (100);

-- Senior 
INSERT INTO Senior (eid) VALUES (21);
INSERT INTO Senior (eid) VALUES (22);
INSERT INTO Senior (eid) VALUES (23);
INSERT INTO Senior (eid) VALUES (24);
INSERT INTO Senior (eid) VALUES (25);
INSERT INTO Senior (eid) VALUES (26);
INSERT INTO Senior (eid) VALUES (27);
INSERT INTO Senior (eid) VALUES (28);
INSERT INTO Senior (eid) VALUES (29);
INSERT INTO Senior (eid) VALUES (30);
INSERT INTO Senior (eid) VALUES (31);
INSERT INTO Senior (eid) VALUES (32);
INSERT INTO Senior (eid) VALUES (33);
INSERT INTO Senior (eid) VALUES (34);
INSERT INTO Senior (eid) VALUES (35);
INSERT INTO Senior (eid) VALUES (36);
INSERT INTO Senior (eid) VALUES (37);
INSERT INTO Senior (eid) VALUES (38);
INSERT INTO Senior (eid) VALUES (39);
INSERT INTO Senior (eid) VALUES (40);
INSERT INTO Senior (eid) VALUES (41);
INSERT INTO Senior (eid) VALUES (42);
INSERT INTO Senior (eid) VALUES (43);
INSERT INTO Senior (eid) VALUES (44);
INSERT INTO Senior (eid) VALUES (45);
INSERT INTO Senior (eid) VALUES (46);
INSERT INTO Senior (eid) VALUES (47);
INSERT INTO Senior (eid) VALUES (48);
INSERT INTO Senior (eid) VALUES (49);
INSERT INTO Senior (eid) VALUES (50);
INSERT INTO Senior (eid) VALUES (51);
INSERT INTO Senior (eid) VALUES (52);
INSERT INTO Senior (eid) VALUES (53);
INSERT INTO Senior (eid) VALUES (54);
INSERT INTO Senior (eid) VALUES (55);
INSERT INTO Senior (eid) VALUES (56);
INSERT INTO Senior (eid) VALUES (57);
INSERT INTO Senior (eid) VALUES (58);
INSERT INTO Senior (eid) VALUES (59);
INSERT INTO Senior (eid) VALUES (60);

-- Manager Data
INSERT INTO Manager (eid) VALUES (61);
INSERT INTO Manager (eid) VALUES (62);
INSERT INTO Manager (eid) VALUES (63);
INSERT INTO Manager (eid) VALUES (64);
INSERT INTO Manager (eid) VALUES (65);
INSERT INTO Manager (eid) VALUES (66);
INSERT INTO Manager (eid) VALUES (67);
INSERT INTO Manager (eid) VALUES (68);
INSERT INTO Manager (eid) VALUES (69);
INSERT INTO Manager (eid) VALUES (70);
INSERT INTO Manager (eid) VALUES (71);
INSERT INTO Manager (eid) VALUES (72);
INSERT INTO Manager (eid) VALUES (73);
INSERT INTO Manager (eid) VALUES (74);
INSERT INTO Manager (eid) VALUES (75);
INSERT INTO Manager (eid) VALUES (76);
INSERT INTO Manager (eid) VALUES (77);
INSERT INTO Manager (eid) VALUES (78);
INSERT INTO Manager (eid) VALUES (79);
INSERT INTO Manager (eid) VALUES (80);

INSERT INTO Booker (eid) VALUES (21);
INSERT INTO Booker (eid) VALUES (22);
INSERT INTO Booker (eid) VALUES (23);
INSERT INTO Booker (eid) VALUES (24);
INSERT INTO Booker (eid) VALUES (25);
INSERT INTO Booker (eid) VALUES (26);
INSERT INTO Booker (eid) VALUES (27);
INSERT INTO Booker (eid) VALUES (28);
INSERT INTO Booker (eid) VALUES (29);
INSERT INTO Booker (eid) VALUES (30);
INSERT INTO Booker (eid) VALUES (31);
INSERT INTO Booker (eid) VALUES (32);
INSERT INTO Booker (eid) VALUES (33);
INSERT INTO Booker (eid) VALUES (34);
INSERT INTO Booker (eid) VALUES (35);
INSERT INTO Booker (eid) VALUES (36);
INSERT INTO Booker (eid) VALUES (37);
INSERT INTO Booker (eid) VALUES (38);
INSERT INTO Booker (eid) VALUES (39);
INSERT INTO Booker (eid) VALUES (40);
INSERT INTO Booker (eid) VALUES (41);
INSERT INTO Booker (eid) VALUES (42);
INSERT INTO Booker (eid) VALUES (43);
INSERT INTO Booker (eid) VALUES (44);
INSERT INTO Booker (eid) VALUES (45);
INSERT INTO Booker (eid) VALUES (46);
INSERT INTO Booker (eid) VALUES (47);
INSERT INTO Booker (eid) VALUES (48);
INSERT INTO Booker (eid) VALUES (49);
INSERT INTO Booker (eid) VALUES (50);
INSERT INTO Booker (eid) VALUES (51);
INSERT INTO Booker (eid) VALUES (52);
INSERT INTO Booker (eid) VALUES (53);
INSERT INTO Booker (eid) VALUES (54);
INSERT INTO Booker (eid) VALUES (55);
INSERT INTO Booker (eid) VALUES (56);
INSERT INTO Booker (eid) VALUES (57);
INSERT INTO Booker (eid) VALUES (58);
INSERT INTO Booker (eid) VALUES (59);
INSERT INTO Booker (eid) VALUES (60);
INSERT INTO Booker (eid) VALUES (61);
INSERT INTO Booker (eid) VALUES (62);
INSERT INTO Booker (eid) VALUES (63);
INSERT INTO Booker (eid) VALUES (64);
INSERT INTO Booker (eid) VALUES (65);
INSERT INTO Booker (eid) VALUES (66);
INSERT INTO Booker (eid) VALUES (67);
INSERT INTO Booker (eid) VALUES (68);
INSERT INTO Booker (eid) VALUES (69);
INSERT INTO Booker (eid) VALUES (70);
INSERT INTO Booker (eid) VALUES (71);
INSERT INTO Booker (eid) VALUES (72);
INSERT INTO Booker (eid) VALUES (73);
INSERT INTO Booker (eid) VALUES (74);
INSERT INTO Booker (eid) VALUES (75);
INSERT INTO Booker (eid) VALUES (76);
INSERT INTO Booker (eid) VALUES (77);
INSERT INTO Booker (eid) VALUES (78);
INSERT INTO Booker (eid) VALUES (79);
INSERT INTO Booker (eid) VALUES (80);


-- Health Declaration Data
-- employees with fever, employees 1 step 5 to 96
INSERT INTO Health_Declaration (eid, hd_date, temp) VALUES (1, CURRENT_DATE, 38.0);
INSERT INTO Health_Declaration (eid, hd_date, temp) VALUES (6, CURRENT_DATE, 38.4);
INSERT INTO Health_Declaration (eid, hd_date, temp) VALUES (11, CURRENT_DATE, 41.7);
INSERT INTO Health_Declaration (eid, hd_date, temp) VALUES (16, CURRENT_DATE, 38.3);
INSERT INTO Health_Declaration (eid, hd_date, temp) VALUES (21, CURRENT_DATE, 40.8);
INSERT INTO Health_Declaration (eid, hd_date, temp) VALUES (26, CURRENT_DATE, 37.5);
INSERT INTO Health_Declaration (eid, hd_date, temp) VALUES (31, CURRENT_DATE, 40.9);
INSERT INTO Health_Declaration (eid, hd_date, temp) VALUES (36, CURRENT_DATE, 42.0);
INSERT INTO Health_Declaration (eid, hd_date, temp) VALUES (41, CURRENT_DATE, 38.6);
INSERT INTO Health_Declaration (eid, hd_date, temp) VALUES (46, CURRENT_DATE, 39.3);
INSERT INTO Health_Declaration (eid, hd_date, temp) VALUES (51, CURRENT_DATE, 37.6);
INSERT INTO Health_Declaration (eid, hd_date, temp) VALUES (56, CURRENT_DATE, 41.6);
INSERT INTO Health_Declaration (eid, hd_date, temp) VALUES (61, CURRENT_DATE, 39.0);
INSERT INTO Health_Declaration (eid, hd_date, temp) VALUES (66, CURRENT_DATE, 38.7);
INSERT INTO Health_Declaration (eid, hd_date, temp) VALUES (71, CURRENT_DATE, 40.5);
INSERT INTO Health_Declaration (eid, hd_date, temp) VALUES (76, CURRENT_DATE, 39.3);
INSERT INTO Health_Declaration (eid, hd_date, temp) VALUES (81, CURRENT_DATE, 38.1);
INSERT INTO Health_Declaration (eid, hd_date, temp) VALUES (86, CURRENT_DATE, 41.4);
INSERT INTO Health_Declaration (eid, hd_date, temp) VALUES (91, CURRENT_DATE, 37.5);
INSERT INTO Health_Declaration (eid, hd_date, temp) VALUES (96, CURRENT_DATE, 41.0);

-- non fever employees
INSERT INTO Health_Declaration (eid, hd_date, temp) VALUES (2, CURRENT_DATE, 35.5);
INSERT INTO Health_Declaration (eid, hd_date, temp) VALUES (7, CURRENT_DATE, 34.5);
INSERT INTO Health_Declaration (eid, hd_date, temp) VALUES (12, CURRENT_DATE, 34.2);
INSERT INTO Health_Declaration (eid, hd_date, temp) VALUES (17, CURRENT_DATE, 35.8);
INSERT INTO Health_Declaration (eid, hd_date, temp) VALUES (22, CURRENT_DATE, 37.0);
INSERT INTO Health_Declaration (eid, hd_date, temp) VALUES (27, CURRENT_DATE, 36.7);
INSERT INTO Health_Declaration (eid, hd_date, temp) VALUES (32, CURRENT_DATE, 35.0);
INSERT INTO Health_Declaration (eid, hd_date, temp) VALUES (37, CURRENT_DATE, 36.7);
INSERT INTO Health_Declaration (eid, hd_date, temp) VALUES (42, CURRENT_DATE, 34.1);
INSERT INTO Health_Declaration (eid, hd_date, temp) VALUES (47, CURRENT_DATE, 35.1);
INSERT INTO Health_Declaration (eid, hd_date, temp) VALUES (52, CURRENT_DATE, 34.5);
INSERT INTO Health_Declaration (eid, hd_date, temp) VALUES (57, CURRENT_DATE, 35.4);
INSERT INTO Health_Declaration (eid, hd_date, temp) VALUES (62, CURRENT_DATE, 35.0);
INSERT INTO Health_Declaration (eid, hd_date, temp) VALUES (67, CURRENT_DATE, 36.2);
INSERT INTO Health_Declaration (eid, hd_date, temp) VALUES (72, CURRENT_DATE, 36.1);
INSERT INTO Health_Declaration (eid, hd_date, temp) VALUES (77, CURRENT_DATE, 35.1);
INSERT INTO Health_Declaration (eid, hd_date, temp) VALUES (82, CURRENT_DATE, 34.7);
INSERT INTO Health_Declaration (eid, hd_date, temp) VALUES (87, CURRENT_DATE, 34.7);
INSERT INTO Health_Declaration (eid, hd_date, temp) VALUES (92, CURRENT_DATE, 35.7);
INSERT INTO Health_Declaration (eid, hd_date, temp) VALUES (97, CURRENT_DATE, 34.8);
INSERT INTO Health_Declaration (eid, hd_date, temp) VALUES (3, CURRENT_DATE, 34.8);
INSERT INTO Health_Declaration (eid, hd_date, temp) VALUES (8, CURRENT_DATE, 36.3);
INSERT INTO Health_Declaration (eid, hd_date, temp) VALUES (13, CURRENT_DATE, 37.0);
INSERT INTO Health_Declaration (eid, hd_date, temp) VALUES (18, CURRENT_DATE, 34.8);
INSERT INTO Health_Declaration (eid, hd_date, temp) VALUES (23, CURRENT_DATE, 35.6);
INSERT INTO Health_Declaration (eid, hd_date, temp) VALUES (28, CURRENT_DATE, 37.1);
INSERT INTO Health_Declaration (eid, hd_date, temp) VALUES (33, CURRENT_DATE, 36.2);
INSERT INTO Health_Declaration (eid, hd_date, temp) VALUES (38, CURRENT_DATE, 37.4);
INSERT INTO Health_Declaration (eid, hd_date, temp) VALUES (43, CURRENT_DATE, 35.7);
INSERT INTO Health_Declaration (eid, hd_date, temp) VALUES (48, CURRENT_DATE, 36.3);
INSERT INTO Health_Declaration (eid, hd_date, temp) VALUES (53, CURRENT_DATE, 36.5);
INSERT INTO Health_Declaration (eid, hd_date, temp) VALUES (58, CURRENT_DATE, 34.9);
INSERT INTO Health_Declaration (eid, hd_date, temp) VALUES (63, CURRENT_DATE, 35.0);
INSERT INTO Health_Declaration (eid, hd_date, temp) VALUES (68, CURRENT_DATE, 35.1);
INSERT INTO Health_Declaration (eid, hd_date, temp) VALUES (73, CURRENT_DATE, 36.7);
INSERT INTO Health_Declaration (eid, hd_date, temp) VALUES (78, CURRENT_DATE, 36.7);
INSERT INTO Health_Declaration (eid, hd_date, temp) VALUES (83, CURRENT_DATE, 34.1);
INSERT INTO Health_Declaration (eid, hd_date, temp) VALUES (88, CURRENT_DATE, 35.9);
INSERT INTO Health_Declaration (eid, hd_date, temp) VALUES (93, CURRENT_DATE, 36.9);
INSERT INTO Health_Declaration (eid, hd_date, temp) VALUES (98, CURRENT_DATE, 35.7);
INSERT INTO Health_Declaration (eid, hd_date, temp) VALUES (4, CURRENT_DATE, 34.8);
INSERT INTO Health_Declaration (eid, hd_date, temp) VALUES (9, CURRENT_DATE, 34.9);
INSERT INTO Health_Declaration (eid, hd_date, temp) VALUES (14, CURRENT_DATE, 34.7);
INSERT INTO Health_Declaration (eid, hd_date, temp) VALUES (19, CURRENT_DATE, 35.7);
INSERT INTO Health_Declaration (eid, hd_date, temp) VALUES (24, CURRENT_DATE, 35.6);
INSERT INTO Health_Declaration (eid, hd_date, temp) VALUES (29, CURRENT_DATE, 36.0);
INSERT INTO Health_Declaration (eid, hd_date, temp) VALUES (34, CURRENT_DATE, 37.3);
INSERT INTO Health_Declaration (eid, hd_date, temp) VALUES (39, CURRENT_DATE, 35.8);
INSERT INTO Health_Declaration (eid, hd_date, temp) VALUES (44, CURRENT_DATE, 35.6);
INSERT INTO Health_Declaration (eid, hd_date, temp) VALUES (49, CURRENT_DATE, 35.9);
INSERT INTO Health_Declaration (eid, hd_date, temp) VALUES (54, CURRENT_DATE, 34.4);
INSERT INTO Health_Declaration (eid, hd_date, temp) VALUES (59, CURRENT_DATE, 35.0);
INSERT INTO Health_Declaration (eid, hd_date, temp) VALUES (64, CURRENT_DATE, 36.2);
INSERT INTO Health_Declaration (eid, hd_date, temp) VALUES (69, CURRENT_DATE, 37.2);
INSERT INTO Health_Declaration (eid, hd_date, temp) VALUES (74, CURRENT_DATE, 35.7);
INSERT INTO Health_Declaration (eid, hd_date, temp) VALUES (79, CURRENT_DATE, 36.9);
INSERT INTO Health_Declaration (eid, hd_date, temp) VALUES (84, CURRENT_DATE, 36.5);
INSERT INTO Health_Declaration (eid, hd_date, temp) VALUES (89, CURRENT_DATE, 34.1);
INSERT INTO Health_Declaration (eid, hd_date, temp) VALUES (94, CURRENT_DATE, 35.1);
INSERT INTO Health_Declaration (eid, hd_date, temp) VALUES (99, CURRENT_DATE, 35.8);
INSERT INTO Health_Declaration (eid, hd_date, temp) VALUES (5, CURRENT_DATE, 35.1);
INSERT INTO Health_Declaration (eid, hd_date, temp) VALUES (10, CURRENT_DATE, 36.5);
INSERT INTO Health_Declaration (eid, hd_date, temp) VALUES (15, CURRENT_DATE, 36.4);
INSERT INTO Health_Declaration (eid, hd_date, temp) VALUES (20, CURRENT_DATE, 36.1);
INSERT INTO Health_Declaration (eid, hd_date, temp) VALUES (25, CURRENT_DATE, 34.2);
INSERT INTO Health_Declaration (eid, hd_date, temp) VALUES (30, CURRENT_DATE, 35.6);
INSERT INTO Health_Declaration (eid, hd_date, temp) VALUES (35, CURRENT_DATE, 36.6);
INSERT INTO Health_Declaration (eid, hd_date, temp) VALUES (40, CURRENT_DATE, 35.5);
INSERT INTO Health_Declaration (eid, hd_date, temp) VALUES (45, CURRENT_DATE, 34.7);
INSERT INTO Health_Declaration (eid, hd_date, temp) VALUES (50, CURRENT_DATE, 37.4);
INSERT INTO Health_Declaration (eid, hd_date, temp) VALUES (55, CURRENT_DATE, 35.0);
INSERT INTO Health_Declaration (eid, hd_date, temp) VALUES (60, CURRENT_DATE, 36.8);
INSERT INTO Health_Declaration (eid, hd_date, temp) VALUES (65, CURRENT_DATE, 34.2);
INSERT INTO Health_Declaration (eid, hd_date, temp) VALUES (70, CURRENT_DATE, 36.0);
INSERT INTO Health_Declaration (eid, hd_date, temp) VALUES (75, CURRENT_DATE, 36.5);
INSERT INTO Health_Declaration (eid, hd_date, temp) VALUES (80, CURRENT_DATE, 35.9);
INSERT INTO Health_Declaration (eid, hd_date, temp) VALUES (85, CURRENT_DATE, 36.2);
INSERT INTO Health_Declaration (eid, hd_date, temp) VALUES (90, CURRENT_DATE, 36.4);
INSERT INTO Health_Declaration (eid, hd_date, temp) VALUES (95, CURRENT_DATE, 37.3);
INSERT INTO Health_Declaration (eid, hd_date, temp) VALUES (100, CURRENT_DATE, 35.0);

-- Meeting Room Data
INSERT INTO Meeting_Rooms (room, floor_no, rname, did) VALUES (1, 1, 'Parry''s Rabbitbrush', 1);
INSERT INTO Meeting_Rooms (room, floor_no, rname, did) VALUES (2, 1, 'Hawai''i Bluegrass', 1);
INSERT INTO Meeting_Rooms (room, floor_no, rname, did) VALUES (1, 2, 'Memphisgrass', 2);
INSERT INTO Meeting_Rooms (room, floor_no, rname, did) VALUES (2, 2, 'Skimmia', 2);
INSERT INTO Meeting_Rooms (room, floor_no, rname, did) VALUES (1, 3, 'Hempvine', 3);
INSERT INTO Meeting_Rooms (room, floor_no, rname, did) VALUES (2, 3, 'Jelly Lichen', 3);
INSERT INTO Meeting_Rooms (room, floor_no, rname, did) VALUES (1, 4, 'Mourning Milkvetch', 4);
INSERT INTO Meeting_Rooms (room, floor_no, rname, did) VALUES (2, 4, 'Geyer''s Oniongrass', 4);
INSERT INTO Meeting_Rooms (room, floor_no, rname, did) VALUES (1, 5, 'Anglestem Buckwheat', 5);
INSERT INTO Meeting_Rooms (room, floor_no, rname, did) VALUES (2, 5, 'Dwarf Senna', 5);
INSERT INTO Meeting_Rooms (room, floor_no, rname, did) VALUES (1, 6, 'Willow Baccharis', 6);
INSERT INTO Meeting_Rooms (room, floor_no, rname, did) VALUES (2, 6, 'Soft Western Rosinweed', 6);
INSERT INTO Meeting_Rooms (room, floor_no, rname, did) VALUES (1, 7, 'Purplehead Sneezeweed', 7);
INSERT INTO Meeting_Rooms (room, floor_no, rname, did) VALUES (2, 7, 'Smallflower Indigo', 7);
INSERT INTO Meeting_Rooms (room, floor_no, rname, did) VALUES (1, 8, 'Nigella', 8);
INSERT INTO Meeting_Rooms (room, floor_no, rname, did) VALUES (2, 8, 'Hyssop', 8);
INSERT INTO Meeting_Rooms (room, floor_no, rname, did) VALUES (1, 9, 'Grevillea', 9);
INSERT INTO Meeting_Rooms (room, floor_no, rname, did) VALUES (2, 9, 'Red Cryptocarya', 9);
INSERT INTO Meeting_Rooms (room, floor_no, rname, did) VALUES (1, 10, 'Liebmann''s Bristlegrass', 10);
INSERT INTO Meeting_Rooms (room, floor_no, rname, did) VALUES (2, 10, 'Peak Saxifrage', 10);
INSERT INTO Meeting_Rooms (room, floor_no, rname, did) VALUES (1, 11, 'Dot Lichen', 11);
INSERT INTO Meeting_Rooms (room, floor_no, rname, did) VALUES (2, 11, 'Nightflowering Silene', 11);
INSERT INTO Meeting_Rooms (room, floor_no, rname, did) VALUES (1, 12, 'Mahogany Mistletoe', 12);
INSERT INTO Meeting_Rooms (room, floor_no, rname, did) VALUES (2, 12, 'Perovskia', 12);
INSERT INTO Meeting_Rooms (room, floor_no, rname, did) VALUES (1, 13, 'Bottlebrush Sedge', 13);
INSERT INTO Meeting_Rooms (room, floor_no, rname, did) VALUES (2, 13, 'Alaska Bluegrass', 13);
INSERT INTO Meeting_Rooms (room, floor_no, rname, did) VALUES (1, 14, 'Italian Alder', 14);
INSERT INTO Meeting_Rooms (room, floor_no, rname, did) VALUES (2, 14, 'Slender Mountain Sandwort', 14);
INSERT INTO Meeting_Rooms (room, floor_no, rname, did) VALUES (1, 15, 'Tapertip Wakerobin', 15);
INSERT INTO Meeting_Rooms (room, floor_no, rname, did) VALUES (2, 15, 'Script Lichen', 15);
INSERT INTO Meeting_Rooms (room, floor_no, rname, did) VALUES (1, 16, 'Pondweed', 16);
INSERT INTO Meeting_Rooms (room, floor_no, rname, did) VALUES (2, 16, 'Pride Of Madeira', 16);
INSERT INTO Meeting_Rooms (room, floor_no, rname, did) VALUES (1, 17, 'Ribbed Fringepod', 17);
INSERT INTO Meeting_Rooms (room, floor_no, rname, did) VALUES (2, 17, 'Dwarf Yellow Fleabane', 17);
INSERT INTO Meeting_Rooms (room, floor_no, rname, did) VALUES (1, 18, 'Wahlenberg''s Catolechia Lichen', 18);
INSERT INTO Meeting_Rooms (room, floor_no, rname, did) VALUES (2, 18, 'Chaffweed', 18);
INSERT INTO Meeting_Rooms (room, floor_no, rname, did) VALUES (1, 19, 'Dwarf Mountain Lupine', 19);
INSERT INTO Meeting_Rooms (room, floor_no, rname, did) VALUES (2, 19, 'Western Rattlesnakeroot', 19);
INSERT INTO Meeting_Rooms (room, floor_no, rname, did) VALUES (1, 20, 'Key Lime', 20);
INSERT INTO Meeting_Rooms (room, floor_no, rname, did) VALUES (2, 20, 'Grundlach''s Attorney', 20);

-- initial update
INSERT INTO Updates (room, floor_no, update_date, new_capacity, eid) VALUES (1, 1, '2021-11-04', 99, 61);
INSERT INTO Updates (room, floor_no, update_date, new_capacity, eid) VALUES (2, 1, '2021-11-04', 81, 61);
INSERT INTO Updates (room, floor_no, update_date, new_capacity, eid) VALUES (1, 2, '2021-11-04', 56, 62);
INSERT INTO Updates (room, floor_no, update_date, new_capacity, eid) VALUES (2, 2, '2021-11-04', 83, 62);
INSERT INTO Updates (room, floor_no, update_date, new_capacity, eid) VALUES (1, 3, '2021-11-04', 93, 63);
INSERT INTO Updates (room, floor_no, update_date, new_capacity, eid) VALUES (2, 3, '2021-11-04', 58, 63);
INSERT INTO Updates (room, floor_no, update_date, new_capacity, eid) VALUES (1, 4, '2021-11-04', 82, 64);
INSERT INTO Updates (room, floor_no, update_date, new_capacity, eid) VALUES (2, 4, '2021-11-04', 88, 64);
INSERT INTO Updates (room, floor_no, update_date, new_capacity, eid) VALUES (1, 5, '2021-11-04', 96, 65);
INSERT INTO Updates (room, floor_no, update_date, new_capacity, eid) VALUES (2, 5, '2021-11-04', 55, 65);
INSERT INTO Updates (room, floor_no, update_date, new_capacity, eid) VALUES (1, 6, '2021-11-04', 96, 66);
INSERT INTO Updates (room, floor_no, update_date, new_capacity, eid) VALUES (2, 6, '2021-11-04', 70, 66);
INSERT INTO Updates (room, floor_no, update_date, new_capacity, eid) VALUES (1, 7, '2021-11-04', 90, 67);
INSERT INTO Updates (room, floor_no, update_date, new_capacity, eid) VALUES (2, 7, '2021-11-04', 89, 67);
INSERT INTO Updates (room, floor_no, update_date, new_capacity, eid) VALUES (1, 8, '2021-11-04', 76, 68);
INSERT INTO Updates (room, floor_no, update_date, new_capacity, eid) VALUES (2, 8, '2021-11-04', 81, 68);
INSERT INTO Updates (room, floor_no, update_date, new_capacity, eid) VALUES (1, 9, '2021-11-04', 56, 69);
INSERT INTO Updates (room, floor_no, update_date, new_capacity, eid) VALUES (2, 9, '2021-11-04', 57, 69);
INSERT INTO Updates (room, floor_no, update_date, new_capacity, eid) VALUES (1, 10, '2021-11-04', 63, 70);
INSERT INTO Updates (room, floor_no, update_date, new_capacity, eid) VALUES (2, 10, '2021-11-04', 93, 70);
INSERT INTO Updates (room, floor_no, update_date, new_capacity, eid) VALUES (1, 11, '2021-11-04', 67, 71);
INSERT INTO Updates (room, floor_no, update_date, new_capacity, eid) VALUES (2, 11, '2021-11-04', 57, 71);
INSERT INTO Updates (room, floor_no, update_date, new_capacity, eid) VALUES (1, 12, '2021-11-04', 83, 72);
INSERT INTO Updates (room, floor_no, update_date, new_capacity, eid) VALUES (2, 12, '2021-11-04', 57, 72);
INSERT INTO Updates (room, floor_no, update_date, new_capacity, eid) VALUES (1, 13, '2021-11-04', 87, 73);
INSERT INTO Updates (room, floor_no, update_date, new_capacity, eid) VALUES (2, 13, '2021-11-04', 82, 73);
INSERT INTO Updates (room, floor_no, update_date, new_capacity, eid) VALUES (1, 14, '2021-11-04', 61, 74);
INSERT INTO Updates (room, floor_no, update_date, new_capacity, eid) VALUES (2, 14, '2021-11-04', 62, 74);
INSERT INTO Updates (room, floor_no, update_date, new_capacity, eid) VALUES (1, 15, '2021-11-04', 59, 75);
INSERT INTO Updates (room, floor_no, update_date, new_capacity, eid) VALUES (2, 15, '2021-11-04', 87, 75);
INSERT INTO Updates (room, floor_no, update_date, new_capacity, eid) VALUES (1, 16, '2021-11-04', 73, 76);
INSERT INTO Updates (room, floor_no, update_date, new_capacity, eid) VALUES (2, 16, '2021-11-04', 95, 76);
INSERT INTO Updates (room, floor_no, update_date, new_capacity, eid) VALUES (1, 17, '2021-11-04', 64, 77);
INSERT INTO Updates (room, floor_no, update_date, new_capacity, eid) VALUES (2, 17, '2021-11-04', 89, 77);
INSERT INTO Updates (room, floor_no, update_date, new_capacity, eid) VALUES (1, 18, '2021-11-04', 94, 78);
INSERT INTO Updates (room, floor_no, update_date, new_capacity, eid) VALUES (2, 18, '2021-11-04', 81, 78);
INSERT INTO Updates (room, floor_no, update_date, new_capacity, eid) VALUES (1, 19, '2021-11-04', 52, 79);
INSERT INTO Updates (room, floor_no, update_date, new_capacity, eid) VALUES (2, 19, '2021-11-04', 61, 79);
INSERT INTO Updates (room, floor_no, update_date, new_capacity, eid) VALUES (1, 20, '2021-11-04', 54, 80);
INSERT INTO Updates (room, floor_no, update_date, new_capacity, eid) VALUES (2, 20, '2021-11-04', 58, 80);

INSERT INTO Meetings (room, floor_no, meeting_date, start_time, booker_eid) VALUES (1, 1, '2021-02-13', '5:50 AM', 39);
INSERT INTO Meetings (room, floor_no, meeting_date, start_time, booker_eid) VALUES (2, 1, '2021-08-21', '8:47 PM', 32);
INSERT INTO Meetings (room, floor_no, meeting_date, start_time, booker_eid) VALUES (1, 2, '2021-11-23', '3:32 PM', 46);
INSERT INTO Meetings (room, floor_no, meeting_date, start_time, booker_eid) VALUES (2, 2, '2021-07-20', '7:19 AM', 61);
INSERT INTO Meetings (room, floor_no, meeting_date, start_time, booker_eid) VALUES (1, 3, '2021-05-10', '2:44 PM', 38);
INSERT INTO Meetings (room, floor_no, meeting_date, start_time, booker_eid) VALUES (2, 3, '2021-05-09', '11:45 AM', 45);
INSERT INTO Meetings (room, floor_no, meeting_date, start_time, booker_eid) VALUES (1, 4, '2021-06-18', '8:27 PM', 34);
INSERT INTO Meetings (room, floor_no, meeting_date, start_time, booker_eid) VALUES (2, 4, '2021-11-10', '3:23 AM', 52);
INSERT INTO Meetings (room, floor_no, meeting_date, start_time, booker_eid) VALUES (1, 5, '2021-07-06', '2:44 AM', 68);
INSERT INTO Meetings (room, floor_no, meeting_date, start_time, booker_eid) VALUES (2, 5, '2021-06-26', '3:13 PM', 26);
INSERT INTO Meetings (room, floor_no, meeting_date, start_time, booker_eid) VALUES (1, 6, '2021-11-19', '10:01 PM', 50);
INSERT INTO Meetings (room, floor_no, meeting_date, start_time, booker_eid) VALUES (2, 6, '2021-09-01', '5:01 PM', 64);
INSERT INTO Meetings (room, floor_no, meeting_date, start_time, booker_eid) VALUES (1, 7, '2021-07-17', '11:47 AM', 68);
INSERT INTO Meetings (room, floor_no, meeting_date, start_time, booker_eid) VALUES (2, 7, '2021-08-22', '9:48 AM', 74);
INSERT INTO Meetings (room, floor_no, meeting_date, start_time, booker_eid) VALUES (1, 8, '2020-12-22', '9:33 PM', 64);
INSERT INTO Meetings (room, floor_no, meeting_date, start_time, booker_eid) VALUES (2, 8, '2021-03-25', '8:18 PM', 53);
INSERT INTO Meetings (room, floor_no, meeting_date, start_time, booker_eid) VALUES (1, 9, '2021-01-20', '12:22 PM', 80);
INSERT INTO Meetings (room, floor_no, meeting_date, start_time, booker_eid) VALUES (2, 9, '2021-05-22', '8:11 AM', 44);
INSERT INTO Meetings (room, floor_no, meeting_date, start_time, booker_eid) VALUES (1, 10, '2020-12-30', '11:45 AM', 31);
INSERT INTO Meetings (room, floor_no, meeting_date, start_time, booker_eid) VALUES (2, 10, '2021-06-27', '12:56 AM', 37);
INSERT INTO Meetings (room, floor_no, meeting_date, start_time, booker_eid) VALUES (1, 11, '2020-12-19', '4:37 AM', 37);
INSERT INTO Meetings (room, floor_no, meeting_date, start_time, booker_eid) VALUES (2, 11, '2021-06-02', '5:57 AM', 72);
INSERT INTO Meetings (room, floor_no, meeting_date, start_time, booker_eid) VALUES (1, 12, '2021-06-28', '2:17 PM', 64);
INSERT INTO Meetings (room, floor_no, meeting_date, start_time, booker_eid) VALUES (2, 12, '2020-12-30', '1:30 AM', 25);
INSERT INTO Meetings (room, floor_no, meeting_date, start_time, booker_eid) VALUES (1, 13, '2021-09-16', '12:34 PM', 54);
INSERT INTO Meetings (room, floor_no, meeting_date, start_time, booker_eid) VALUES (2, 13, '2021-10-23', '4:36 PM', 52);
INSERT INTO Meetings (room, floor_no, meeting_date, start_time, booker_eid) VALUES (1, 14, '2021-07-10', '11:12 PM', 34);
INSERT INTO Meetings (room, floor_no, meeting_date, start_time, booker_eid) VALUES (2, 14, '2021-03-17', '8:21 AM', 38);
INSERT INTO Meetings (room, floor_no, meeting_date, start_time, booker_eid) VALUES (1, 15, '2021-10-12', '1:38 PM', 75);
INSERT INTO Meetings (room, floor_no, meeting_date, start_time, booker_eid) VALUES (2, 15, '2021-01-07', '3:34 PM', 40);
INSERT INTO Meetings (room, floor_no, meeting_date, start_time, booker_eid) VALUES (1, 16, '2021-04-04', '8:49 AM', 32);
INSERT INTO Meetings (room, floor_no, meeting_date, start_time, booker_eid) VALUES (2, 16, '2020-11-11', '10:26 AM', 72);
INSERT INTO Meetings (room, floor_no, meeting_date, start_time, booker_eid) VALUES (1, 17, '2020-12-30', '6:52 PM', 47);
INSERT INTO Meetings (room, floor_no, meeting_date, start_time, booker_eid) VALUES (2, 17, '2020-12-18', '11:12 PM', 74);
INSERT INTO Meetings (room, floor_no, meeting_date, start_time, booker_eid) VALUES (1, 18, '2021-06-09', '1:00 PM', 72);
INSERT INTO Meetings (room, floor_no, meeting_date, start_time, booker_eid) VALUES (2, 18, '2021-05-02', '4:50 AM', 27);
INSERT INTO Meetings (room, floor_no, meeting_date, start_time, booker_eid) VALUES (1, 19, '2021-04-29', '9:58 AM', 25);
INSERT INTO Meetings (room, floor_no, meeting_date, start_time, booker_eid) VALUES (2, 19, '2021-10-10', '2:16 PM', 23);
INSERT INTO Meetings (room, floor_no, meeting_date, start_time, booker_eid) VALUES (1, 20, '2021-07-31', '1:46 AM', 58);
INSERT INTO Meetings (room, floor_no, meeting_date, start_time, booker_eid) VALUES (2, 20, '2021-05-20', '11:04 AM', 48);

INSERT INTO Joins (room, floor_no, meeting_date, start_time, eid) VALUES (54, 98, '2021-08-21', '8:47 PM', 18);
INSERT INTO Joins (room, floor_no, meeting_date, start_time, eid) VALUES (95, 66, '2021-07-20', '7:19 AM', 40);
INSERT INTO Joins (room, floor_no, meeting_date, start_time, eid) VALUES (87, 78, '2021-02-13', '5:50 AM', 61);
INSERT INTO Joins (room, floor_no, meeting_date, start_time, eid) VALUES (55, 43, '2021-02-13', '5:50 AM', 38);
INSERT INTO Joins (room, floor_no, meeting_date, start_time, eid) VALUES (29, 78, '2021-02-13', '5:50 AM', 58);
INSERT INTO Joins (room, floor_no, meeting_date, start_time, eid) VALUES (65, 4, '2021-07-20', '7:19 AM', 8);
INSERT INTO Joins (room, floor_no, meeting_date, start_time, eid) VALUES (73, 3, '2021-02-13', '5:50 AM', 83);
INSERT INTO Joins (room, floor_no, meeting_date, start_time, eid) VALUES (7, 38, '2021-11-23', '3:32 PM', 69);
INSERT INTO Joins (room, floor_no, meeting_date, start_time, eid) VALUES (97, 87, '2021-07-20', '7:19 AM', 56);
INSERT INTO Joins (room, floor_no, meeting_date, start_time, eid) VALUES (31, 89, '2021-07-20', '7:19 AM', 7);
INSERT INTO Joins (room, floor_no, meeting_date, start_time, eid) VALUES (19, 41, '2021-02-13', '5:50 AM', 43);
INSERT INTO Joins (room, floor_no, meeting_date, start_time, eid) VALUES (69, 14, '2021-11-23', '3:32 PM', 4);
INSERT INTO Joins (room, floor_no, meeting_date, start_time, eid) VALUES (39, 25, '2021-02-13', '5:50 AM', 1);
INSERT INTO Joins (room, floor_no, meeting_date, start_time, eid) VALUES (69, 11, '2021-08-21', '8:47 PM', 98);
INSERT INTO Joins (room, floor_no, meeting_date, start_time, eid) VALUES (49, 22, '2021-11-23', '3:32 PM', 68);
INSERT INTO Joins (room, floor_no, meeting_date, start_time, eid) VALUES (47, 16, '2021-02-13', '5:50 AM', 62);
INSERT INTO Joins (room, floor_no, meeting_date, start_time, eid) VALUES (75, 32, '2021-11-23', '3:32 PM', 3);
INSERT INTO Joins (room, floor_no, meeting_date, start_time, eid) VALUES (87, 83, '2021-02-13', '5:50 AM', 93);
INSERT INTO Joins (room, floor_no, meeting_date, start_time, eid) VALUES (82, 76, '2021-02-13', '5:50 AM', 7);
INSERT INTO Joins (room, floor_no, meeting_date, start_time, eid) VALUES (77, 59, '2021-08-21', '8:47 PM', 54);
INSERT INTO Joins (room, floor_no, meeting_date, start_time, eid) VALUES (52, 36, '2021-08-21', '8:47 PM', 76);
INSERT INTO Joins (room, floor_no, meeting_date, start_time, eid) VALUES (3, 15, '2021-11-23', '3:32 PM', 98);
INSERT INTO Joins (room, floor_no, meeting_date, start_time, eid) VALUES (43, 38, '2021-08-21', '8:47 PM', 35);
INSERT INTO Joins (room, floor_no, meeting_date, start_time, eid) VALUES (7, 10, '2021-02-13', '5:50 AM', 58);
INSERT INTO Joins (room, floor_no, meeting_date, start_time, eid) VALUES (44, 36, '2021-08-21', '8:47 PM', 34);
INSERT INTO Joins (room, floor_no, meeting_date, start_time, eid) VALUES (27, 60, '2021-08-21', '8:47 PM', 5);
INSERT INTO Joins (room, floor_no, meeting_date, start_time, eid) VALUES (93, 100, '2021-08-21', '8:47 PM', 10);
INSERT INTO Joins (room, floor_no, meeting_date, start_time, eid) VALUES (62, 40, '2021-11-23', '3:32 PM', 16);
INSERT INTO Joins (room, floor_no, meeting_date, start_time, eid) VALUES (33, 97, '2021-08-21', '8:47 PM', 66);
INSERT INTO Joins (room, floor_no, meeting_date, start_time, eid) VALUES (32, 66, '2021-08-21', '8:47 PM', 22);
INSERT INTO Joins (room, floor_no, meeting_date, start_time, eid) VALUES (73, 56, '2021-07-20', '7:19 AM', 95);
INSERT INTO Joins (room, floor_no, meeting_date, start_time, eid) VALUES (96, 14, '2021-11-23', '3:32 PM', 25);
INSERT INTO Joins (room, floor_no, meeting_date, start_time, eid) VALUES (4, 64, '2021-11-23', '3:32 PM', 6);
INSERT INTO Joins (room, floor_no, meeting_date, start_time, eid) VALUES (95, 22, '2021-11-23', '3:32 PM', 98);
INSERT INTO Joins (room, floor_no, meeting_date, start_time, eid) VALUES (46, 84, '2021-07-20', '7:19 AM', 87);
INSERT INTO Joins (room, floor_no, meeting_date, start_time, eid) VALUES (46, 98, '2021-02-13', '5:50 AM', 79);
INSERT INTO Joins (room, floor_no, meeting_date, start_time, eid) VALUES (66, 76, '2021-02-13', '5:50 AM', 63);
INSERT INTO Joins (room, floor_no, meeting_date, start_time, eid) VALUES (74, 25, '2021-07-20', '7:19 AM', 44);
INSERT INTO Joins (room, floor_no, meeting_date, start_time, eid) VALUES (89, 56, '2021-07-20', '7:19 AM', 18);
INSERT INTO Joins (room, floor_no, meeting_date, start_time, eid) VALUES (13, 38, '2021-08-21', '8:47 PM', 61);
INSERT INTO Joins (room, floor_no, meeting_date, start_time, eid) VALUES (68, 81, '2021-07-20', '7:19 AM', 90);
INSERT INTO Joins (room, floor_no, meeting_date, start_time, eid) VALUES (18, 84, '2021-07-20', '7:19 AM', 4);
INSERT INTO Joins (room, floor_no, meeting_date, start_time, eid) VALUES (51, 50, '2021-07-20', '7:19 AM', 37);
INSERT INTO Joins (room, floor_no, meeting_date, start_time, eid) VALUES (86, 65, '2021-02-13', '5:50 AM', 50);
INSERT INTO Joins (room, floor_no, meeting_date, start_time, eid) VALUES (89, 7, '2021-08-21', '8:47 PM', 18);
INSERT INTO Joins (room, floor_no, meeting_date, start_time, eid) VALUES (29, 29, '2021-08-21', '8:47 PM', 15);
INSERT INTO Joins (room, floor_no, meeting_date, start_time, eid) VALUES (10, 35, '2021-11-23', '3:32 PM', 39);
INSERT INTO Joins (room, floor_no, meeting_date, start_time, eid) VALUES (84, 65, '2021-07-20', '7:19 AM', 68);
INSERT INTO Joins (room, floor_no, meeting_date, start_time, eid) VALUES (28, 51, '2021-11-23', '3:32 PM', 84);
INSERT INTO Joins (room, floor_no, meeting_date, start_time, eid) VALUES (25, 67, '2021-08-21', '8:47 PM', 92);
INSERT INTO Joins (room, floor_no, meeting_date, start_time, eid) VALUES (88, 29, '2021-02-13', '5:50 AM', 2);
INSERT INTO Joins (room, floor_no, meeting_date, start_time, eid) VALUES (26, 41, '2021-02-13', '5:50 AM', 26);
INSERT INTO Joins (room, floor_no, meeting_date, start_time, eid) VALUES (33, 82, '2021-02-13', '5:50 AM', 85);
INSERT INTO Joins (room, floor_no, meeting_date, start_time, eid) VALUES (11, 5, '2021-02-13', '5:50 AM', 68);
INSERT INTO Joins (room, floor_no, meeting_date, start_time, eid) VALUES (3, 84, '2021-02-13', '5:50 AM', 50);
INSERT INTO Joins (room, floor_no, meeting_date, start_time, eid) VALUES (66, 22, '2021-11-23', '3:32 PM', 37);
INSERT INTO Joins (room, floor_no, meeting_date, start_time, eid) VALUES (66, 19, '2021-08-21', '8:47 PM', 80);
INSERT INTO Joins (room, floor_no, meeting_date, start_time, eid) VALUES (48, 78, '2021-11-23', '3:32 PM', 91);
INSERT INTO Joins (room, floor_no, meeting_date, start_time, eid) VALUES (31, 61, '2021-08-21', '8:47 PM', 91);
INSERT INTO Joins (room, floor_no, meeting_date, start_time, eid) VALUES (64, 84, '2021-08-21', '8:47 PM', 83);
INSERT INTO Joins (room, floor_no, meeting_date, start_time, eid) VALUES (38, 7, '2021-02-13', '5:50 AM', 54);
INSERT INTO Joins (room, floor_no, meeting_date, start_time, eid) VALUES (17, 71, '2021-08-21', '8:47 PM', 31);
INSERT INTO Joins (room, floor_no, meeting_date, start_time, eid) VALUES (96, 96, '2021-11-23', '3:32 PM', 82);
INSERT INTO Joins (room, floor_no, meeting_date, start_time, eid) VALUES (20, 44, '2021-02-13', '5:50 AM', 39);
INSERT INTO Joins (room, floor_no, meeting_date, start_time, eid) VALUES (46, 2, '2021-11-23', '3:32 PM', 54);
INSERT INTO Joins (room, floor_no, meeting_date, start_time, eid) VALUES (57, 13, '2021-07-20', '7:19 AM', 23);
INSERT INTO Joins (room, floor_no, meeting_date, start_time, eid) VALUES (58, 88, '2021-02-13', '5:50 AM', 47);
INSERT INTO Joins (room, floor_no, meeting_date, start_time, eid) VALUES (40, 40, '2021-02-13', '5:50 AM', 7);
INSERT INTO Joins (room, floor_no, meeting_date, start_time, eid) VALUES (43, 34, '2021-11-23', '3:32 PM', 2);
INSERT INTO Joins (room, floor_no, meeting_date, start_time, eid) VALUES (78, 71, '2021-07-20', '7:19 AM', 65);
INSERT INTO Joins (room, floor_no, meeting_date, start_time, eid) VALUES (27, 19, '2021-08-21', '8:47 PM', 54);
INSERT INTO Joins (room, floor_no, meeting_date, start_time, eid) VALUES (16, 61, '2021-02-13', '5:50 AM', 93);
INSERT INTO Joins (room, floor_no, meeting_date, start_time, eid) VALUES (43, 51, '2021-07-20', '7:19 AM', 43);
INSERT INTO Joins (room, floor_no, meeting_date, start_time, eid) VALUES (78, 18, '2021-07-20', '7:19 AM', 94);
INSERT INTO Joins (room, floor_no, meeting_date, start_time, eid) VALUES (85, 70, '2021-08-21', '8:47 PM', 80);
INSERT INTO Joins (room, floor_no, meeting_date, start_time, eid) VALUES (31, 25, '2021-02-13', '5:50 AM', 82);
INSERT INTO Joins (room, floor_no, meeting_date, start_time, eid) VALUES (76, 21, '2021-02-13', '5:50 AM', 76);
INSERT INTO Joins (room, floor_no, meeting_date, start_time, eid) VALUES (22, 14, '2021-08-21', '8:47 PM', 87);
INSERT INTO Joins (room, floor_no, meeting_date, start_time, eid) VALUES (41, 61, '2021-08-21', '8:47 PM', 64);
INSERT INTO Joins (room, floor_no, meeting_date, start_time, eid) VALUES (29, 57, '2021-07-20', '7:19 AM', 99);
INSERT INTO Joins (room, floor_no, meeting_date, start_time, eid) VALUES (26, 19, '2021-11-23', '3:32 PM', 99);
INSERT INTO Joins (room, floor_no, meeting_date, start_time, eid) VALUES (73, 64, '2021-02-13', '5:50 AM', 54);
INSERT INTO Joins (room, floor_no, meeting_date, start_time, eid) VALUES (37, 5, '2021-07-20', '7:19 AM', 99);
INSERT INTO Joins (room, floor_no, meeting_date, start_time, eid) VALUES (41, 55, '2021-07-20', '7:19 AM', 12);
INSERT INTO Joins (room, floor_no, meeting_date, start_time, eid) VALUES (77, 97, '2021-02-13', '5:50 AM', 36);
INSERT INTO Joins (room, floor_no, meeting_date, start_time, eid) VALUES (28, 9, '2021-07-20', '7:19 AM', 4);
INSERT INTO Joins (room, floor_no, meeting_date, start_time, eid) VALUES (8, 68, '2021-02-13', '5:50 AM', 79);
INSERT INTO Joins (room, floor_no, meeting_date, start_time, eid) VALUES (57, 70, '2021-08-21', '8:47 PM', 5);
INSERT INTO Joins (room, floor_no, meeting_date, start_time, eid) VALUES (51, 17, '2021-11-23', '3:32 PM', 77);
INSERT INTO Joins (room, floor_no, meeting_date, start_time, eid) VALUES (29, 52, '2021-02-13', '5:50 AM', 31);
INSERT INTO Joins (room, floor_no, meeting_date, start_time, eid) VALUES (47, 22, '2021-08-21', '8:47 PM', 86);
INSERT INTO Joins (room, floor_no, meeting_date, start_time, eid) VALUES (38, 22, '2021-07-20', '7:19 AM', 42);
INSERT INTO Joins (room, floor_no, meeting_date, start_time, eid) VALUES (10, 28, '2021-11-23', '3:32 PM', 72);
INSERT INTO Joins (room, floor_no, meeting_date, start_time, eid) VALUES (74, 33, '2021-08-21', '8:47 PM', 90);
INSERT INTO Joins (room, floor_no, meeting_date, start_time, eid) VALUES (4, 20, '2021-11-23', '3:32 PM', 33);
INSERT INTO Joins (room, floor_no, meeting_date, start_time, eid) VALUES (20, 17, '2021-11-23', '3:32 PM', 90);
INSERT INTO Joins (room, floor_no, meeting_date, start_time, eid) VALUES (38, 18, '2021-11-23', '3:32 PM', 4);
INSERT INTO Joins (room, floor_no, meeting_date, start_time, eid) VALUES (30, 45, '2021-02-13', '5:50 AM', 12);
INSERT INTO Joins (room, floor_no, meeting_date, start_time, eid) VALUES (9, 37, '2021-07-20', '7:19 AM', 88);
INSERT INTO Joins (room, floor_no, meeting_date, start_time, eid) VALUES (13, 8, '2021-08-21', '8:47 PM', 84);
